time_ps,eta_A,abs_eta_A,running_mean_A,running_abs_mean_A
0.000000,1.44764343,1.44764343,1.44764343,1.44764343
0.040000,1.38329107,1.38329107,1.41546725,1.41546725
0.080000,1.30638396,1.30638396,1.37910615,1.37910615
0.120000,1.22865587,1.22865587,1.34149358,1.34149358
0.160000,1.16925254,1.16925254,1.30704537,1.30704537
0.200000,1.16115033,1.16115033,1.28272953,1.28272953
0.240000,1.15389983,1.15389983,1.26432529,1.26432529
0.280000,1.15019182,1.15019182,1.25005861,1.25005861
0.320000,1.16130866,1.16130866,1.24019750,1.24019750
0.360000,1.17272380,1.17272380,1.23345013,1.23345013
0.400000,1.17013492,1.17013492,1.22769420,1.22769420
0.440000,1.16822446,1.16822446,1.22273839,1.22273839
0.480000,1.17514813,1.17514813,1.21907760,1.21907760
0.520000,1.18053744,1.18053744,1.21632473,1.21632473
0.560000,1.18299946,1.18299946,1.21410305,1.21410305
0.600000,1.16656623,1.16656623,1.21113200,1.21113200
0.640000,1.14418679,1.14418679,1.20719404,1.20719404
0.680000,1.13928242,1.13928242,1.20342118,1.20342118
0.720000,1.14871277,1.14871277,1.20054179,1.20054179
0.760000,1.18277394,1.18277394,1.19965339,1.19965339
0.800000,1.22645852,1.22645852,1.20092983,1.20092983
0.840000,1.24015228,1.24015228,1.20271267,1.20271267
0.880000,1.22482519,1.22482519,1.20367408,1.20367408
0.920000,1.22217021,1.22217021,1.20444475,1.20444475
0.960000,1.19134991,1.19134991,1.20392096,1.20392096
1.000000,1.15568418,1.15568418,1.20206570,1.20206570
1.040000,1.13544039,1.13544039,1.19959809,1.19959809
1.080000,1.11915213,1.11915213,1.19672502,1.19672502
1.120000,1.09415959,1.09415959,1.19318829,1.19318829
1.160000,1.08498321,1.08498321,1.18958145,1.18958145
1.200000,1.07657140,1.07657140,1.18593596,1.18593596
1.240000,1.08094150,1.08094150,1.18265489,1.18265489
1.280000,1.08881743,1.08881743,1.17981133,1.17981133
1.320000,1.08726664,1.08726664,1.17708942,1.17708942
1.360000,1.09665309,1.09665309,1.17479124,1.17479124
1.400000,1.10939024,1.10939024,1.17297455,1.17297455
1.440000,1.10810594,1.10810594,1.17122134,1.17122134
1.480000,1.07571949,1.07571949,1.16870814,1.16870814
1.520000,1.04898180,1.04898180,1.16563823,1.16563823
1.560000,1.03668796,1.03668796,1.16241447,1.16241447
1.600000,1.03415973,1.03415973,1.15928631,1.15928631
1.640000,1.03046190,1.03046190,1.15621906,1.15621906
1.680000,1.02162857,1.02162857,1.15308905,1.15308905
1.720000,1.02592767,1.02592767,1.15019902,1.15019902
1.760000,1.04139094,1.04139094,1.14778106,1.14778106
1.800000,1.05651670,1.05651670,1.14579705,1.14579705
1.840000,1.07101437,1.07101437,1.14420593,1.14420593
1.880000,1.06665640,1.06665640,1.14259032,1.14259032
1.920000,1.06944313,1.06944313,1.14109752,1.14109752
1.960000,1.05070345,1.05070345,1.13928964,1.13928964
2.000000,1.02905118,1.02905118,1.13712810,1.13712810
2.040000,1.02977927,1.02977927,1.13506370,1.13506370
2.080000,1.02888115,1.02888115,1.13306025,1.13306025
2.120000,1.01160363,1.01160363,1.13081106,1.13081106
2.160000,1.00051459,1.00051459,1.12844203,1.12844203
2.200000,1.00147887,1.00147887,1.12617483,1.12617483
2.240000,1.00580869,1.00580869,1.12406314,1.12406314
2.280000,0.99966677,0.99966677,1.12191838,1.12191838
2.320000,1.00501180,1.00501180,1.11993691,1.11993691
2.360000,1.00492648,1.00492648,1.11802007,1.11802007
2.400000,1.00315889,1.00315889,1.11613710,1.11613710
2.440000,0.99255088,0.99255088,1.11414377,1.11414377
2.480000,0.97542592,0.97542592,1.11194190,1.11194190
2.520000,0.97931055,0.97931055,1.10986954,1.10986954
2.560000,0.98399620,0.98399620,1.10793303,1.10793303
2.600000,0.99459563,0.99459563,1.10621579,1.10621579
2.640000,0.99870720,0.99870720,1.10461119,1.10461119
2.680000,1.00605149,1.00605149,1.10316178,1.10316178
2.720000,1.00292304,1.00292304,1.10170904,1.10170904
2.760000,0.99837149,0.99837149,1.10023279,1.10023279
2.800000,1.00057817,1.00057817,1.09882921,1.09882921
2.840000,0.99948833,0.99948833,1.09744947,1.09744947
2.880000,1.00752633,1.00752633,1.09621765,1.09621765
2.920000,1.01927286,1.01927286,1.09517785,1.09517785
2.960000,1.01430587,1.01430587,1.09409956,1.09409956
3.000000,0.98989923,0.98989923,1.09272850,1.09272850
3.040000,0.97949907,0.97949907,1.09125799,1.09125799
3.080000,0.97669218,0.97669218,1.08978920,1.08978920
3.120000,0.98708708,0.98708708,1.08848917,1.08848917
3.160000,0.99613132,0.99613132,1.08733470,1.08733470
3.200000,1.00803877,1.00803877,1.08635574,1.08635574
3.240000,1.00890482,1.00890482,1.08541121,1.08541121
3.280000,1.00478398,1.00478398,1.08443980,1.08443980
3.320000,0.99386562,0.99386562,1.08336154,1.08336154
3.360000,0.98131843,0.98131843,1.08216103,1.08216103
3.400000,0.96392924,0.96392924,1.08078624,1.08078624
3.440000,0.93848545,0.93848545,1.07915060,1.07915060
3.480000,0.94677773,0.94677773,1.07764636,1.07764636
3.520000,0.92846227,0.92846227,1.07597014,1.07597014
3.560000,0.91992503,0.91992503,1.07423630,1.07423630
3.600000,0.89688109,0.89688109,1.07228735,1.07228735
3.640000,0.87951711,0.87951711,1.07019202,1.07019202
3.680000,0.87306186,0.87306186,1.06807234,1.06807234
3.720000,0.87945935,0.87945935,1.06606582,1.06606582
3.760000,0.89516275,0.89516275,1.06426684,1.06426684
3.800000,0.92118282,0.92118282,1.06277638,1.06277638
3.840000,0.95119367,0.95119367,1.06162604,1.06162604
3.880000,0.95719859,0.95719859,1.06056045,1.06056045
3.920000,0.95198280,0.95198280,1.05946371,1.05946371
3.960000,0.93532127,0.93532127,1.05822229,1.05822229
4.000000,0.93151148,0.93151148,1.05696772,1.05696772
4.040000,0.93079239,0.93079239,1.05573071,1.05573071
4.080000,0.94122391,0.94122391,1.05461899,1.05461899
4.120000,0.95248577,0.95248577,1.05363694,1.05363694
4.160000,0.94920398,0.94920398,1.05264234,1.05264234
4.200000,0.95892158,0.95892158,1.05175819,1.05175819
4.240000,0.96746409,0.96746409,1.05097039,1.05097039
4.280000,0.99092824,0.99092824,1.05041445,1.05041445
4.320000,1.01220169,1.01220169,1.05006387,1.05006387
4.360000,1.00285177,1.00285177,1.04963467,1.04963467
4.400000,0.98280898,0.98280898,1.04903264,1.04903264
4.440000,0.98360199,0.98360199,1.04844843,1.04844843
4.480000,0.99365048,0.99365048,1.04796350,1.04796350
4.520000,0.99724492,0.99724492,1.04751860,1.04751860
4.560000,0.97797740,0.97797740,1.04691389,1.04691389
4.600000,0.97221980,0.97221980,1.04626998,1.04626998
4.640000,0.96300740,0.96300740,1.04555833,1.04555833
4.680000,0.95860117,0.95860117,1.04482140,1.04482140
4.720000,0.96659664,0.96659664,1.04416405,1.04416405
4.760000,0.98184533,0.98184533,1.04364473,1.04364473
4.800000,0.97971077,0.97971077,1.04311635,1.04311635
4.840000,0.97449527,0.97449527,1.04255388,1.04255388
4.880000,0.95962837,0.95962837,1.04187969,1.04187969
4.920000,0.95013924,0.95013924,1.04113985,1.04113985
4.960000,0.94441125,0.94441125,1.04036602,1.04036602
5.000000,0.93668133,0.93668133,1.03954313,1.03954313
5.040000,0.94052014,0.94052014,1.03876342,1.03876342
5.080000,0.94747098,0.94747098,1.03805020,1.03805020
5.120000,0.94183310,0.94183310,1.03730433,1.03730433
5.160000,0.93857241,0.93857241,1.03654485,1.03654485
5.200000,0.93081286,0.93081286,1.03573774,1.03573774
5.240000,0.92985659,0.92985659,1.03493561,1.03493561
5.280000,0.91573508,0.91573508,1.03403936,1.03403936
5.320000,0.91233719,0.91233719,1.03313114,1.03313114
5.360000,0.91086493,0.91086493,1.03222546,1.03222546
5.400000,0.92726354,0.92726354,1.03145368,1.03145368
5.440000,0.94383331,0.94383331,1.03081412,1.03081412
5.480000,0.93779342,0.93779342,1.03014005,1.03014005
5.520000,0.91460780,0.91460780,1.02930889,1.02930889
5.560000,0.91555439,0.91555439,1.02849635,1.02849635
5.600000,0.92033598,0.92033598,1.02772926,1.02772926
5.640000,0.91001532,0.91001532,1.02690029,1.02690029
5.680000,0.88477183,0.88477183,1.02590638,1.02590638
5.720000,0.87221728,0.87221728,1.02483910,1.02483910
5.760000,0.86126615,0.86126615,1.02371101,1.02371101
5.800000,0.82700100,0.82700100,1.02236368,1.02236368
5.840000,0.79110671,0.79110671,1.02079050,1.02079050
5.880000,0.76591270,0.76591270,1.01906836,1.01906836
5.920000,0.74357107,0.74357107,1.01721938,1.01721938
5.960000,0.74197979,0.74197979,1.01538445,1.01538445
6.000000,0.74729821,0.74729821,1.01360904,1.01360904
6.040000,0.73657841,0.73657841,1.01178647,1.01178647
6.080000,0.73474162,0.73474162,1.00997572,1.00997572
6.120000,0.73512313,0.73512313,1.00819097,1.00819097
6.160000,0.72843659,0.72843659,1.00638610,1.00638610
6.200000,0.72773925,0.72773925,1.00459990,1.00459990
6.240000,0.74065346,0.74065346,1.00291871,1.00291871
6.280000,0.74641386,0.74641386,1.00129527,1.00129527
6.320000,0.75660660,0.75660660,0.99975634,0.99975634
6.360000,0.76064824,0.76064824,0.99826192,0.99826192
6.400000,0.76553820,0.76553820,0.99681643,0.99681643
6.440000,0.78354392,0.78354392,0.99549993,0.99549993
6.480000,0.79654415,0.79654415,0.99427934,0.99427934
6.520000,0.77159838,0.77159838,0.99292153,0.99292153
6.560000,0.76342162,0.76342162,0.99153062,0.99153062
6.600000,0.74524444,0.74524444,0.99004697,0.99004697
6.640000,0.72419987,0.72419987,0.98845507,0.98845507
6.680000,0.72272353,0.72272353,0.98687334,0.98687334
6.720000,0.70855994,0.70855994,0.98522651,0.98522651
6.760000,0.72119351,0.72119351,0.98367338,0.98367338
6.800000,0.73353253,0.73353253,0.98221057,0.98221057
6.840000,0.73849071,0.73849071,0.98079359,0.98079359
6.880000,0.74054373,0.74054373,0.97940486,0.97940486
6.920000,0.73876034,0.73876034,0.97802185,0.97802185
6.960000,0.73665284,0.73665284,0.97664260,0.97664260
7.000000,0.73077217,0.73077217,0.97524561,0.97524561
7.040000,0.74237094,0.74237094,0.97392993,0.97392993
7.080000,0.74497964,0.74497964,0.97264369,0.97264369
7.120000,0.75796012,0.75796012,0.97144434,0.97144434
7.160000,0.77930300,0.77930300,0.97037689,0.97037689
7.200000,0.80177620,0.80177620,0.96944540,0.96944540
7.240000,0.80619739,0.80619739,0.96854843,0.96854843
7.280000,0.82552799,0.82552799,0.96776690,0.96776690
7.320000,0.83784387,0.83784387,0.96706079,0.96706079
7.360000,0.82658195,0.82658195,0.96630145,0.96630145
7.400000,0.81419751,0.81419751,0.96548368,0.96548368
7.440000,0.81440567,0.81440567,0.96467578,0.96467578
7.480000,0.81449836,0.81449836,0.96387696,0.96387696
7.520000,0.82133095,0.82133095,0.96312275,0.96312275
7.560000,0.81651667,0.81651667,0.96235114,0.96235114
7.600000,0.83823465,0.83823465,0.96170132,0.96170132
7.640000,0.84652266,0.84652266,0.96110143,0.96110143
7.680000,0.85305132,0.85305132,0.96054158,0.96054158
7.720000,0.85033341,0.85033341,0.95997350,0.95997350
7.760000,0.84051077,0.84051077,0.95936087,0.95936087
7.800000,0.84280445,0.84280445,0.95876619,0.95876619
7.840000,0.83624223,0.83624223,0.95814425,0.95814425
7.880000,0.82002240,0.82002240,0.95744666,0.95744666
7.920000,0.80347190,0.80347190,0.95667292,0.95667292
7.960000,0.79754030,0.79754030,0.95587726,0.95587726
8.000000,0.80690417,0.80690417,0.95513610,0.95513610
8.040000,0.79245713,0.79245713,0.95433075,0.95433075
8.080000,0.76989573,0.76989573,0.95342221,0.95342221
8.120000,0.75223276,0.75223276,0.95243598,0.95243598
8.160000,0.75298677,0.75298677,0.95146306,0.95146306
8.200000,0.76539048,0.76539048,0.95055980,0.95055980
8.240000,0.77688552,0.77688552,0.94972079,0.94972079
8.280000,0.78787174,0.78787174,0.94894267,0.94894267
8.320000,0.79179386,0.79179386,0.94819076,0.94819076
8.360000,0.78656316,0.78656316,0.94742111,0.94742111
8.400000,0.78797249,0.78797249,0.94666543,0.94666543
8.440000,0.78952185,0.78952185,0.94592418,0.94592418
8.480000,0.78056039,0.78056039,0.94514783,0.94514783
8.520000,0.75515891,0.75515891,0.94426003,0.94426003
8.560000,0.73054780,0.73054780,0.94326602,0.94326602
8.600000,0.72206706,0.72206706,0.94224195,0.94224195
8.640000,0.70174283,0.70174283,0.94113366,0.94113366
8.680000,0.69815418,0.69815418,0.94001907,0.94001907
8.720000,0.70892840,0.70892840,0.93896386,0.93896386
8.760000,0.71193309,0.71193309,0.93793191,0.93793191
8.800000,0.72712649,0.72712649,0.93697804,0.93697804
8.840000,0.71014682,0.71014682,0.93595627,0.93595627
8.880000,0.68189088,0.68189088,0.93481697,0.93481697
8.920000,0.66314007,0.66314007,0.93360412,0.93360412
8.960000,0.65136259,0.65136259,0.93234972,0.93234972
9.000000,0.65361086,0.65361086,0.93111636,0.93111636
9.040000,0.63894889,0.63894889,0.92982928,0.92982928
9.080000,0.63296221,0.63296221,0.92852723,0.92852723
9.120000,0.62656720,0.62656720,0.92720863,0.92720863
9.160000,0.61874121,0.61874121,0.92586746,0.92586746
9.200000,0.61197035,0.61197035,0.92450860,0.92450860
9.240000,0.59616624,0.59616624,0.92309333,0.92309333
9.280000,0.57545879,0.57545879,0.92160134,0.92160134
9.320000,0.54854150,0.54854150,0.92000707,0.92000707
9.360000,0.54303927,0.54303927,0.91840295,0.91840295
9.400000,0.54511528,0.54511528,0.91682122,0.91682122
9.440000,0.54735239,0.54735239,0.91526228,0.91526228
9.480000,0.55125105,0.55125105,0.91373282,0.91373282
9.520000,0.56812172,0.56812172,0.91228675,0.91228675
9.560000,0.58641965,0.58641965,0.91092897,0.91092897
9.600000,0.61330310,0.61330310,0.90969401,0.90969401
9.640000,0.61682507,0.61682507,0.90848381,0.90848381
9.680000,0.60917656,0.60917656,0.90725209,0.90725209
9.720000,0.61123356,0.61123356,0.90603890,0.90603890
9.760000,0.61152292,0.61152292,0.90483679,0.90483679
9.800000,0.59151387,0.59151387,0.90356312,0.90356312
9.840000,0.57654812,0.57654812,0.90223917,0.90223917
9.880000,0.55474842,0.55474842,0.90083800,0.90083800
9.920000,0.53153294,0.53153294,0.89935485,0.89935485
9.960000,0.50545835,0.50545835,0.89777926,0.89777926
10.000000,0.48800103,0.48800103,0.89614668,0.89614668
10.040000,0.47356691,0.47356691,0.89446978,0.89446978
10.080000,0.47478615,0.47478615,0.89281095,0.89281095
10.120000,0.47324296,0.47324296,0.89115911,0.89115911
10.160000,0.45908040,0.45908040,0.88946468,0.88946468
10.200000,0.44303594,0.44303594,0.88772082,0.88772082
10.240000,0.45062835,0.45062835,0.88602007,0.88602007
10.280000,0.46288347,0.46288347,0.88438000,0.88438000
10.320000,0.48293781,0.48293781,0.88283003,0.88283003
10.360000,0.49456021,0.49456021,0.88133669,0.88133669
10.400000,0.48507016,0.48507016,0.87981843,0.87981843
10.440000,0.49103974,0.49103974,0.87833454,0.87833454
10.480000,0.47831245,0.47831245,0.87681354,0.87681354
10.520000,0.45679168,0.45679168,0.87522255,0.87522255
10.560000,0.47436430,0.47436430,0.87370988,0.87370988
10.600000,0.48859397,0.48859397,0.87226207,0.87226207
10.640000,0.50418863,0.50418863,0.87088352,0.87088352
10.680000,0.51115200,0.51115200,0.86954124,0.86954124
10.720000,0.52494105,0.52494105,0.86826020,0.86826020
10.760000,0.54540325,0.54540325,0.86706443,0.86706443
10.800000,0.56723236,0.56723236,0.86595804,0.86595804
10.840000,0.58490601,0.58490601,0.86492476,0.86492476
10.880000,0.58407653,0.58407653,0.86389601,0.86389601
10.920000,0.59121162,0.59121162,0.86290081,0.86290081
10.960000,0.56133231,0.56133231,0.86180420,0.86180420
11.000000,0.54686576,0.54686576,0.86066312,0.86066312
11.040000,0.54328015,0.54328015,0.85951733,0.85951733
11.080000,0.53590161,0.53590161,0.85835325,0.85835325
11.120000,0.54086507,0.54086507,0.85721530,0.85721530
11.160000,0.54602104,0.54602104,0.85610389,0.85610389
11.200000,0.53914844,0.53914844,0.85497593,0.85497593
11.240000,0.54844751,0.54844751,0.85388895,0.85388895
11.280000,0.54664520,0.54664520,0.85280329,0.85280329
11.320000,0.55401724,0.55401724,0.85175122,0.85175122
11.360000,0.56383179,0.56383179,0.85074098,0.85074098
11.400000,0.55126642,0.55126642,0.84969386,0.84969386
11.440000,0.52694942,0.52694942,0.84856932,0.84856932
11.480000,0.52353332,0.52353332,0.84744072,0.84744072
11.520000,0.51373888,0.51373888,0.84628604,0.84628604
11.560000,0.51367476,0.51367476,0.84513911,0.84513911
11.600000,0.51467133,0.51467133,0.84400348,0.84400348
11.640000,0.50837012,0.50837012,0.84285405,0.84285405
11.680000,0.51326551,0.51326551,0.84172918,0.84172918
11.720000,0.49006798,0.49006798,0.84053305,0.84053305
11.760000,0.49374455,0.49374455,0.83935750,0.83935750
11.800000,0.49386611,0.49386611,0.83819029,0.83819029
11.840000,0.49340608,0.49340608,0.83702941,0.83702941
11.880000,0.50756555,0.50756555,0.83592382,0.83592382
11.920000,0.52246637,0.52246637,0.83487547,0.83487547
11.960000,0.52816889,0.52816889,0.83385311,0.83385311
12.000000,0.54322108,0.54322108,0.83288756,0.83288756
12.040000,0.56355233,0.56355233,0.83199572,0.83199572
12.080000,0.54504828,0.54504828,0.83104870,0.83104870
12.120000,0.51017207,0.51017207,0.82999318,0.82999318
12.160000,0.47327654,0.47327654,0.82882362,0.82882362
12.200000,0.45090264,0.45090264,0.82758859,0.82758859
12.240000,0.44801565,0.44801565,0.82635219,0.82635219
12.280000,0.45306959,0.45306959,0.82514023,0.82514023
12.320000,0.46152764,0.46152764,0.82396350,0.82396350
12.360000,0.46558727,0.46558727,0.82280744,0.82280744
12.400000,0.46915528,0.46915528,0.82167030,0.82167030
12.440000,0.47231782,0.47231782,0.82055058,0.82055058
12.480000,0.49000106,0.49000106,0.81949451,0.81949451
12.520000,0.52855869,0.52855869,0.81856796,0.81856796
12.560000,0.55093601,0.55093601,0.81771834,0.81771834
12.600000,0.54247434,0.54247434,0.81684731,0.81684731
12.640000,0.52742807,0.52742807,0.81593432,0.81593432
12.680000,0.52102066,0.52102066,0.81500692,0.81500692
12.720000,0.51139090,0.51139090,0.81405514,0.81405514
12.760000,0.50019338,0.50019338,0.81307432,0.81307432
12.800000,0.49674338,0.49674338,0.81208887,0.81208887
12.840000,0.48395313,0.48395313,0.81106981,0.81106981
12.880000,0.46131719,0.46131719,0.80998699,0.80998699
12.920000,0.47075682,0.47075682,0.80893998,0.80893998
12.960000,0.47212210,0.47212210,0.80790362,0.80790362
13.000000,0.47907645,0.47907645,0.80689495,0.80689495
13.040000,0.48912464,0.48912464,0.80592317,0.80592317
13.080000,0.50793942,0.50793942,0.80501468,0.80501468
13.120000,0.52858648,0.52858648,0.80417448,0.80417448
13.160000,0.54150218,0.54150218,0.80337850,0.80337850
13.200000,0.54645138,0.54645138,0.80260229,0.80260229
13.240000,0.54598673,0.54598673,0.80182935,0.80182935
13.280000,0.54034505,0.54034505,0.80104411,0.80104411
13.320000,0.51623159,0.51623159,0.80019138,0.80019138
13.360000,0.50647412,0.50647412,0.79931461,0.79931461
13.400000,0.51335803,0.51335803,0.79846355,0.79846355
13.440000,0.52487999,0.52487999,0.79765173,0.79765173
13.480000,0.53990496,0.53990496,0.79688916,0.79688916
13.520000,0.55351460,0.55351460,0.79617124,0.79617124
13.560000,0.56368891,0.56368891,0.79548747,0.79548747
13.600000,0.57107087,0.57107087,0.79482936,0.79482936
13.640000,0.56613044,0.56613044,0.79416065,0.79416065
13.680000,0.56748497,0.56748497,0.79349979,0.79349979
13.720000,0.57257547,0.57257547,0.79285757,0.79285757
13.760000,0.59613851,0.59613851,0.79228736,0.79228736
13.800000,0.60262914,0.60262914,0.79173922,0.79173922
13.840000,0.60103320,0.60103320,0.79118963,0.79118963
13.880000,0.59153205,0.59153205,0.79061591,0.79061591
13.920000,0.57113718,0.57113718,0.78998703,0.78998703
13.960000,0.56297229,0.56297229,0.78933841,0.78933841
14.000000,0.56242880,0.56242880,0.78869195,0.78869195
14.040000,0.55108851,0.55108851,0.78801694,0.78801694
14.080000,0.55096895,0.55096895,0.78734541,0.78734541
14.120000,0.54872271,0.54872271,0.78667134,0.78667134
14.160000,0.55107610,0.55107610,0.78600769,0.78600769
14.200000,0.54043249,0.54043249,0.78531787,0.78531787
14.240000,0.53435970,0.53435970,0.78461491,0.78461491
14.280000,0.53904575,0.53904575,0.78392896,0.78392896
14.320000,0.51321191,0.51321191,0.78317487,0.78317487
14.360000,0.50641386,0.50641386,0.78240609,0.78240609
14.400000,0.51910290,0.51910290,0.78167672,0.78167672
14.440000,0.52972945,0.52972945,0.78098073,0.78098073
14.480000,0.54586257,0.54586257,0.78033303,0.78033303
14.520000,0.53283249,0.53283249,0.77965308,0.77965308
14.560000,0.52954257,0.52954257,0.77896785,0.77896785
14.600000,0.51751332,0.51751332,0.77825349,0.77825349
14.640000,0.50533262,0.50533262,0.77750983,0.77750983
14.680000,0.51566842,0.51566842,0.77679831,0.77679831
14.720000,0.55243377,0.55243377,0.77619028,0.77619028
14.760000,0.57131196,0.57131196,0.77563655,0.77563655
14.800000,0.58748536,0.58748536,0.77512940,0.77512940
14.840000,0.60964553,0.60964553,0.77468455,0.77468455
14.880000,0.60723466,0.60723466,0.77423563,0.77423563
14.920000,0.58682818,0.58682818,0.77373454,0.77373454
14.960000,0.57840167,0.57840167,0.77321365,0.77321365
15.000000,0.57593366,0.57593366,0.77268897,0.77268897
15.040000,0.57437451,0.57437451,0.77216294,0.77216294
15.080000,0.55974365,0.55974365,0.77160098,0.77160098
15.120000,0.54782830,0.54782830,0.77101055,0.77101055
15.160000,0.55054135,0.55054135,0.77043037,0.77043037
15.200000,0.53920152,0.53920152,0.76982347,0.76982347
15.240000,0.52536407,0.52536407,0.76918352,0.76918352
15.280000,0.51225006,0.51225006,0.76851268,0.76851268
15.320000,0.52194744,0.52194744,0.76787058,0.76787058
15.360000,0.52031662,0.52031662,0.76722758,0.76722758
15.400000,0.51439421,0.51439421,0.76657258,0.76657258
15.440000,0.49082883,0.49082883,0.76586006,0.76586006
15.480000,0.44284352,0.44284352,0.76502754,0.76502754
15.520000,0.41953156,0.41953156,0.76413938,0.76413938
15.560000,0.42780422,0.42780422,0.76327698,0.76327698
15.600000,0.45370524,0.45370524,0.76248524,0.76248524
15.640000,0.47555980,0.47555980,0.76175328,0.76175328
15.680000,0.48401786,0.48401786,0.76104658,0.76104658
15.720000,0.51077037,0.51077037,0.76041136,0.76041136
15.760000,0.52404660,0.52404660,0.75981297,0.75981297
15.800000,0.54466384,0.54466384,0.75926966,0.75926966
15.840000,0.54443852,0.54443852,0.75872853,0.75872853
15.880000,0.52286559,0.52286559,0.75813591,0.75813591
15.920000,0.49050801,0.49050801,0.75746516,0.75746516
15.960000,0.44816511,0.44816511,0.75669191,0.75669191
16.000000,0.41567090,0.41567090,0.75584148,0.75584148
16.040000,0.41715773,0.41715773,0.75499899,0.75499899
16.080000,0.41983141,0.41983141,0.75416730,0.75416730
16.120000,0.42563958,0.42563958,0.75335412,0.75335412
16.160000,0.43568495,0.43568495,0.75256975,0.75256975
16.200000,0.44547541,0.44547541,0.75181336,0.75181336
16.240000,0.43423384,0.43423384,0.75103306,0.75103306
16.280000,0.42051689,0.42051689,0.75022298,0.75022298
16.320000,0.41673773,0.41673773,0.74940761,0.74940761
16.360000,0.41877128,0.41877128,0.74860118,0.74860118
16.400000,0.40825412,0.40825412,0.74777308,0.74777308
16.440000,0.41772429,0.41772429,0.74697199,0.74697199
16.480000,0.43586688,0.43586688,0.74621871,0.74621871
16.520000,0.44589386,0.44589386,0.74549329,0.74549329
16.560000,0.44988569,0.44988569,0.74478098,0.74478098
16.600000,0.45036860,0.45036860,0.74407326,0.74407326
16.640000,0.44191704,0.44191704,0.74334867,0.74334867
16.680000,0.43381816,0.43381816,0.74260816,0.74260816
16.720000,0.41882214,0.41882214,0.74183540,0.74183540
16.760000,0.42300018,0.42300018,0.74107627,0.74107627
16.800000,0.41071845,0.41071845,0.74029157,0.74029157
16.840000,0.41587245,0.41587245,0.73952281,0.73952281
16.880000,0.42240635,0.42240635,0.73877312,0.73877312
16.920000,0.42579314,0.42579314,0.73803496,0.73803496
16.960000,0.44443921,0.44443921,0.73734415,0.73734415
17.000000,0.43986891,0.43986891,0.73664585,0.73664585
17.040000,0.43165577,0.43165577,0.73593159,0.73593159
17.080000,0.43342701,0.43342701,0.73522480,0.73522480
17.120000,0.43410181,0.43410181,0.73452288,0.73452288
17.160000,0.42981640,0.42981640,0.73381426,0.73381426
17.200000,0.44138798,0.44138798,0.73313578,0.73313578
17.240000,0.44797049,0.44797049,0.73247568,0.73247568
17.280000,0.44513241,0.44513241,0.73181207,0.73181207
17.320000,0.45589779,0.45589779,0.73117632,0.73117632
17.360000,0.45798105,0.45798105,0.73054828,0.73054828
17.400000,0.45100323,0.45100323,0.72990713,0.72990713
17.440000,0.43916395,0.43916395,0.72924181,0.72924181
17.480000,0.40511580,0.40511580,0.72850180,0.72850180
17.520000,0.37925831,0.37925831,0.72770625,0.72770625
17.560000,0.36437455,0.36437455,0.72688050,0.72688050
17.600000,0.36393454,0.36393454,0.72605749,0.72605749
17.640000,0.37549597,0.37549597,0.72526437,0.72526437
17.680000,0.39144387,0.39144387,0.72451082,0.72451082
17.720000,0.39606774,0.39606774,0.72377108,0.72377108
17.760000,0.39487437,0.39487437,0.72303199,0.72303199
17.800000,0.40893965,0.40893965,0.72232775,0.72232775
17.840000,0.42891946,0.42891946,0.72167135,0.72167135
17.880000,0.42947001,0.42947001,0.72101912,0.72101912
17.920000,0.42219572,0.42219572,0.72035359,0.72035359
17.960000,0.41386184,0.41386184,0.71967249,0.71967249
18.000000,0.41911494,0.41911494,0.71900607,0.71900607
18.040000,0.42970530,0.42970530,0.71836602,0.71836602
18.080000,0.42337243,0.42337243,0.71771482,0.71771482
18.120000,0.41901314,0.41901314,0.71705689,0.71705689
18.160000,0.41149589,0.41149589,0.71638533,0.71638533
18.200000,0.40655425,0.40655425,0.71570587,0.71570587
18.240000,0.40258303,0.40258303,0.71502070,0.71502070
18.280000,0.38355762,0.38355762,0.71429698,0.71429698
18.320000,0.39068094,0.39068094,0.71359194,0.71359194
18.360000,0.40044943,0.40044943,0.71291119,0.71291119
18.400000,0.39814859,0.39814859,0.71222841,0.71222841
18.440000,0.39713734,0.39713734,0.71154640,0.71154640
18.480000,0.38828155,0.38828155,0.71084820,0.71084820
18.520000,0.38269153,0.38269153,0.71014097,0.71014097
18.560000,0.37055279,0.37055279,0.70941067,0.70941067
18.600000,0.37795396,0.37795396,0.70869939,0.70869939
18.640000,0.39893665,0.39893665,0.70803609,0.70803609
18.680000,0.42489109,0.42489109,0.70743107,0.70743107
18.720000,0.43262729,0.43262729,0.70684514,0.70684514
18.760000,0.40835260,0.40835260,0.70621005,0.70621005
18.800000,0.38153347,0.38153347,0.70552071,0.70552071
18.840000,0.35458917,0.35458917,0.70477721,0.70477721
18.880000,0.33147127,0.33147127,0.70398798,0.70398798
18.920000,0.33221380,0.33221380,0.70320365,0.70320365
18.960000,0.35386023,0.35386023,0.70246819,0.70246819
19.000000,0.35237808,0.35237808,0.70173271,0.70173271
19.040000,0.37037959,0.37037959,0.70103805,0.70103805
19.080000,0.37874363,0.37874363,0.70036379,0.70036379
19.120000,0.37325030,0.37325030,0.69968088,0.69968088
19.160000,0.36225614,0.36225614,0.69897791,0.69897791
19.200000,0.35400303,0.35400303,0.69826071,0.69826071
19.240000,0.35128029,0.35128029,0.69754083,0.69754083
19.280000,0.38401916,0.38401916,0.69689172,0.69689172
19.320000,0.37631474,0.37631474,0.69622937,0.69622937
19.360000,0.36999274,0.36999274,0.69555672,0.69555672
19.400000,0.38702228,0.38702228,0.69492187,0.69492187
19.440000,0.38709966,0.38709966,0.69428980,0.69428980
19.480000,0.39429883,0.39429883,0.69367506,0.69367506
19.520000,0.38604031,0.38604031,0.69304595,0.69304595
19.560000,0.36302604,0.36302604,0.69237244,0.69237244
19.600000,0.34841252,0.34841252,0.69167191,0.69167191
19.640000,0.35172489,0.35172489,0.69098096,0.69098096
19.680000,0.35355282,0.35355282,0.69029652,0.69029652
19.720000,0.38701802,0.38701802,0.68968260,0.68968260
19.760000,0.41248117,0.41248117,0.68912260,0.68912260
19.800000,0.42680818,0.42680818,0.68859374,0.68859374
19.840000,0.42358291,0.42358291,0.68806052,0.68806052
19.880000,0.41890482,0.41890482,0.68752004,0.68752004
19.920000,0.39202871,0.39202871,0.68692787,0.68692787
19.960000,0.38340317,0.38340317,0.68632083,0.68632083
20.000000,0.38944015,0.38944015,0.68572825,0.68572825
20.040000,0.38881215,0.38881215,0.68513678,0.68513678
20.080000,0.39648021,0.39648021,0.68456291,0.68456291
20.120000,0.38740450,0.38740450,0.68397331,0.68397331
20.160000,0.35947607,0.35947607,0.68333074,0.68333074
20.200000,0.32601383,0.32601383,0.68262458,0.68262458
20.240000,0.29235986,0.29235986,0.68185483,0.68185483
20.280000,0.27267516,0.27267516,0.68104936,0.68104936
20.320000,0.26511744,0.26511744,0.68023220,0.68023220
20.360000,0.28758478,0.28758478,0.67946231,0.67946231
20.400000,0.30635522,0.30635522,0.67873216,0.67873216
20.440000,0.31514434,0.31514434,0.67802202,0.67802202
20.480000,0.31458021,0.31458021,0.67731356,0.67731356
20.520000,0.33591922,0.33591922,0.67664937,0.67664937
20.560000,0.34551320,0.34551320,0.67600639,0.67600639
20.600000,0.35489341,0.35489341,0.67538407,0.67538407
20.640000,0.35111849,0.35111849,0.67475687,0.67475687
20.680000,0.34835661,0.34835661,0.67412675,0.67412675
20.720000,0.35100496,0.35100496,0.67350417,0.67350417
20.760000,0.34487502,0.34487502,0.67287219,0.67287219
20.800000,0.36037962,0.36037962,0.67227239,0.67227239
20.840000,0.38565419,0.38565419,0.67172332,0.67172332
20.880000,0.38073205,0.38073205,0.67116693,0.67116693
20.920000,0.36647579,0.36647579,0.67058546,0.67058546
20.960000,0.34100485,0.34100485,0.66995768,0.66995768
21.000000,0.31739876,0.31739876,0.66928742,0.66928742
21.040000,0.31004643,0.31004643,0.66860575,0.66860575
21.080000,0.28724809,0.28724809,0.66788348,0.66788348
21.120000,0.30414716,0.30414716,0.66719589,0.66719589
21.160000,0.31000868,0.31000868,0.66652195,0.66652195
21.200000,0.31916875,0.31916875,0.66586780,0.66586780
21.240000,0.33554499,0.33554499,0.66524689,0.66524689
21.280000,0.32747872,0.32747872,0.66461318,0.66461318
21.320000,0.30950720,0.30950720,0.66394819,0.66394819
21.360000,0.31993988,0.31993988,0.66330518,0.66330518
21.400000,0.32567230,0.32567230,0.66267527,0.66267527
21.440000,0.31568176,0.31568176,0.66202910,0.66202910
21.480000,0.27224033,0.27224033,0.66130459,0.66130459
21.520000,0.26776472,0.26776472,0.66057446,0.66057446
21.560000,0.25521077,0.25521077,0.65982378,0.65982378
21.600000,0.25118508,0.25118508,0.65906844,0.65906844
21.640000,0.24735764,0.24735764,0.65830883,0.65830883
21.680000,0.24904554,0.24904554,0.65755512,0.65755512
21.720000,0.26342879,0.26342879,0.65683062,0.65683062
21.760000,0.26430752,0.26430752,0.65611040,0.65611040
21.800000,0.26196002,0.26196002,0.65538851,0.65538851
21.840000,0.26623397,0.26623397,0.65467708,0.65467708
21.880000,0.28232424,0.28232424,0.65399760,0.65399760
21.920000,0.29342709,0.29342709,0.65334082,0.65334082
21.960000,0.30641350,0.30641350,0.65271005,0.65271005
22.000000,0.30685930,0.30685930,0.65208237,0.65208237
22.040000,0.29185172,0.29185172,0.65142978,0.65142978
22.080000,0.30132027,0.30132027,0.65079667,0.65079667
22.120000,0.29172458,0.29172458,0.65014852,0.65014852
22.160000,0.27681119,0.27681119,0.64947584,0.64947584
22.200000,0.25083670,0.25083670,0.64875887,0.64875887
22.240000,0.25182093,0.25182093,0.64804623,0.64804623
22.280000,0.24883092,0.24883092,0.64733079,0.64733079
22.320000,0.23980669,0.23980669,0.64660177,0.64660177
22.360000,0.25126034,0.25126034,0.64589580,0.64589580
22.400000,0.24737714,0.24737714,0.64518543,0.64518543
22.440000,0.24673547,0.24673547,0.64447644,0.64447644
22.480000,0.25325181,0.25325181,0.64378155,0.64378155
22.520000,0.26691402,0.26691402,0.64311335,0.64311335
22.560000,0.25143034,0.25143034,0.64242010,0.64242010
22.600000,0.21883743,0.21883743,0.64167172,0.64167172
22.640000,0.21068287,0.21068287,0.64091160,0.64091160
22.680000,0.22405436,0.22405436,0.64017770,0.64017770
22.720000,0.23713327,0.23713327,0.63946936,0.63946936
22.760000,0.24811949,0.24811949,0.63878278,0.63878278
22.800000,0.23427909,0.23427909,0.63807437,0.63807437
22.840000,0.23010826,0.23010826,0.63736114,0.63736114
22.880000,0.24210814,0.24210814,0.63667134,0.63667134
22.920000,0.25402633,0.25402633,0.63600472,0.63600472
22.960000,0.25196644,0.25196644,0.63533682,0.63533682
23.000000,0.25211761,0.25211761,0.63467151,0.63467151
23.040000,0.25523501,0.25523501,0.63401391,0.63401391
23.080000,0.25800560,0.25800560,0.63336338,0.63336338
23.120000,0.24937703,0.24937703,0.63270019,0.63270019
23.160000,0.24342366,0.24342366,0.63202902,0.63202902
23.200000,0.22155582,0.22155582,0.63132253,0.63132253
23.240000,0.20379001,0.20379001,0.63058793,0.63058793
23.280000,0.21580941,0.21580941,0.62987648,0.62987648
23.320000,0.21888708,0.21888708,0.62917273,0.62917273
23.360000,0.21713216,0.21713216,0.62846839,0.62846839
23.400000,0.22897128,0.22897128,0.62778665,0.62778665
23.440000,0.21865084,0.21865084,0.62708966,0.62708966
23.480000,0.20617812,0.20617812,0.62637382,0.62637382
23.520000,0.19812354,0.19812354,0.62564674,0.62564674
23.560000,0.19538442,0.19538442,0.62491748,0.62491748
23.600000,0.20683648,0.20683648,0.62421007,0.62421007
23.640000,0.21071012,0.21071012,0.62351159,0.62351159
23.680000,0.22083528,0.22083528,0.62283254,0.62283254
23.720000,0.21822900,0.21822900,0.62215139,0.62215139
23.760000,0.22777868,0.22777868,0.62148858,0.62148858
23.800000,0.24215159,0.24215159,0.62085211,0.62085211
23.840000,0.23086179,0.23086179,0.62019886,0.62019886
23.880000,0.22973801,0.22973801,0.61954591,0.61954591
23.920000,0.22046445,0.22046445,0.61887967,0.61887967
23.960000,0.19117569,0.19117569,0.61816683,0.61816683
24.000000,0.17392495,0.17392495,0.61742765,0.61742765
24.040000,0.15377395,0.15377395,0.61665747,0.61665747
24.080000,0.13310434,0.13310434,0.61585555,0.61585555
24.120000,0.11865314,0.11865314,0.61503237,0.61503237
24.160000,0.11451407,0.11451407,0.61420507,0.61420507
24.200000,0.12339831,0.12339831,0.61339516,0.61339516
24.240000,0.12255058,0.12255058,0.61258652,0.61258652
24.280000,0.11621135,0.11621135,0.61177011,0.61177011
24.320000,0.09771000,0.09771000,0.61092600,0.61092600
24.360000,0.10215704,0.10215704,0.61009196,0.61009196
24.400000,0.11098325,0.11098325,0.60927508,0.60927508
24.440000,0.12051457,0.12051457,0.60847646,0.60847646
24.480000,0.11683235,0.11683235,0.60767443,0.60767443
24.520000,0.13802272,0.13802272,0.60690952,0.60690952
24.560000,0.15716055,0.15716055,0.60617822,0.60617822
24.600000,0.15648918,0.15648918,0.60544821,0.60544821
24.640000,0.15010496,0.15010496,0.60471021,0.60471021
24.680000,0.12962970,0.12962970,0.60394147,0.60394147
24.720000,0.10694878,0.10694878,0.60313858,0.60313858
24.760000,0.07516598,0.07516598,0.60228701,0.60228701
24.800000,0.07185308,0.07185308,0.60143285,0.60143285
24.840000,0.07167978,0.07167978,0.60058115,0.60058115
24.880000,0.06577252,0.06577252,0.59972271,0.59972271
24.920000,0.05480429,0.05480429,0.59884945,0.59884945
24.960000,0.02720193,0.02720193,0.59793481,0.59793481
25.000000,0.00795762,0.00795762,0.59699236,0.59699236
25.040000,0.00954951,0.00954951,0.59605545,0.59605545
25.080000,-0.00069129,0.00069129,0.59510521,0.59510741
25.120000,-0.00248746,0.00248746,0.59415514,0.59416525
25.160000,0.00227468,0.00227468,0.59321565,0.59322574
25.200000,0.01632058,0.01632058,0.59230140,0.59231147
25.240000,0.02602727,0.02602727,0.59140539,0.59141545
25.280000,0.02795490,0.02795490,0.59051527,0.59052531
25.320000,0.02315657,0.02315657,0.58962038,0.58963041
25.360000,0.01700741,0.01700741,0.58871862,0.58872864
25.400000,0.02233816,0.02233816,0.58782809,0.58783809
25.440000,0.03224080,0.03224080,0.58695590,0.58696588
25.480000,0.02604771,0.02604771,0.58607673,0.58608669
25.520000,0.04566142,0.04566142,0.58523101,0.58524096
25.560000,0.05078575,0.05078575,0.58439594,0.58440587
25.600000,0.04303650,0.04303650,0.58355138,0.58356130
25.640000,0.02377181,0.02377181,0.58267945,0.58268936
25.680000,0.02893750,0.02893750,0.58181827,0.58182816
25.720000,0.04500773,0.04500773,0.58098471,0.58099458
25.760000,0.05859416,0.05859416,0.58017480,0.58018466
25.800000,0.05836291,0.05836291,0.57936705,0.57937689
25.840000,0.07689446,0.07689446,0.57859043,0.57860025
25.880000,0.09024095,0.09024095,0.57783680,0.57784661
25.920000,0.06303208,0.06303208,0.57704357,0.57705337
25.960000,0.04059482,0.04059482,0.57621827,0.57622805
26.000000,0.05512224,0.05512224,0.57541781,0.57542758
26.040000,0.03895654,0.03895654,0.57459502,0.57460477
26.080000,0.03510877,0.03510877,0.57376885,0.57377859
26.120000,0.06134680,0.06134680,0.57298533,0.57299505
26.160000,0.04955345,0.04955345,0.57218620,0.57219591
26.200000,0.03281295,0.03281295,0.57136399,0.57137368
26.240000,0.01356553,0.01356553,0.57051498,0.57052465
26.280000,0.00633200,0.00633200,0.56965756,0.56966722
26.320000,0.01859443,0.01859443,0.56882134,0.56883099
26.360000,0.01381019,0.01381019,0.56798042,0.56799005
26.400000,0.00510530,0.00510530,0.56712887,0.56713849
26.440000,-0.00524730,0.00524730,0.56626425,0.56628971
26.480000,-0.00524568,0.00524568,0.56540225,0.56544349
26.520000,-0.00213492,0.00213492,0.56454752,0.56459513
26.560000,0.01745146,0.01745146,0.56372482,0.56377236
26.600000,0.01653792,0.01653792,0.56290322,0.56295069
26.640000,-0.00079328,0.00079328,0.56205810,0.56210787
26.680000,-0.03457290,0.03457290,0.56116494,0.56131815
26.720000,-0.07050358,0.07050358,0.56022074,0.56058449
26.760000,-0.08212054,0.08212054,0.55926202,0.55987037
26.800000,-0.09024762,0.09024762,0.55829405,0.55917048
26.840000,-0.08476454,0.08476454,0.55733711,0.55846452
26.880000,-0.06230528,0.06230528,0.55641640,0.55772729
26.920000,-0.06470215,0.06470215,0.55549486,0.55699580
26.960000,-0.07169662,0.07169662,0.55456568,0.55627683
27.000000,-0.06186248,0.06186248,0.55365381,0.55554545
27.040000,-0.06834526,0.06834526,0.55273505,0.55482581
27.080000,-0.07800042,0.07800042,0.55180476,0.55412252
27.120000,-0.08641832,0.08641832,0.55086482,0.55343371
27.160000,-0.07320244,0.07320244,0.54994707,0.55272749
27.200000,-0.05008368,0.05008368,0.54906597,0.55198939
27.240000,-0.02809108,0.02809108,0.54821970,0.55122121
27.280000,-0.02374777,0.02374777,0.54738226,0.55044892
27.320000,-0.00891395,0.00891395,0.54656896,0.54965721
27.360000,-0.00868884,0.00868884,0.54575837,0.54886747
27.400000,-0.04428062,0.04428062,0.54489825,0.54813192
27.440000,-0.07710386,0.07710386,0.54399286,0.54744629
27.480000,-0.10254105,0.10254105,0.54305314,0.54679963
27.520000,-0.11204290,0.11204290,0.54210234,0.54616863
27.560000,-0.10215871,0.10215871,0.54116863,0.54552514
27.600000,-0.11555407,0.11555407,0.54021824,0.54490289
27.640000,-0.14226577,0.14226577,0.53923199,0.54432105
27.680000,-0.16644672,0.16644672,0.53821369,0.54377577
27.720000,-0.17334952,0.17334952,0.53718839,0.54324202
27.760000,-0.18099450,0.18099450,0.53615503,0.54272080
27.800000,-0.19153815,0.19153815,0.53510949,0.54221623
27.840000,-0.20377793,0.20377793,0.53404940,0.54173066
27.880000,-0.19765596,0.19765596,0.53300111,0.54123772
27.920000,-0.18775289,0.18775289,0.53196999,0.54073202
27.960000,-0.16876492,0.16876492,0.53096894,0.54020064
28.000000,-0.18084657,0.18084657,0.52995351,0.53968800
28.040000,-0.19400976,0.19400976,0.52892222,0.53919559
28.080000,-0.21174553,0.21174553,0.52786864,0.53872980
28.120000,-0.20903175,0.20903175,0.52682191,0.53826148
28.160000,-0.18700770,0.18700770,0.52580938,0.53776324
28.200000,-0.16447516,0.16447516,0.52483164,0.53723451
28.240000,-0.13813024,0.13813024,0.52389393,0.53667000
28.280000,-0.11039507,0.11039507,0.52299804,0.53606792
28.320000,-0.10838690,0.10838690,0.52210751,0.53546470
28.360000,-0.12485620,0.12485620,0.52119630,0.53488638
28.400000,-0.12930024,0.12930024,0.52028139,0.53431594
28.440000,-0.13454690,0.13454690,0.51936169,0.53375446
28.480000,-0.13768584,0.13768584,0.51844016,0.53319897
28.520000,-0.13543282,0.13543282,0.51752438,0.53264187
28.560000,-0.12961350,0.12961350,0.51661929,0.53207819
28.600000,-0.11981444,0.11981444,0.51573041,0.53150241
28.640000,-0.12323810,0.12323810,0.51483924,0.53093300
28.680000,-0.13348127,0.13348127,0.51393629,0.53037945
28.720000,-0.12938885,0.12938885,0.51304154,0.52982174
28.760000,-0.12170356,0.12170356,0.51215995,0.52925491
28.800000,-0.10235121,0.10235121,0.51130765,0.52866281
28.840000,-0.08219538,0.08219538,0.51048562,0.52804443
28.880000,-0.07258055,0.07258055,0.50967917,0.52741447
28.920000,-0.06768357,0.06768357,0.50888170,0.52677948
28.960000,-0.07030655,0.07030655,0.50808282,0.52614987
29.000000,-0.09152748,0.09152748,0.50725691,0.52555121
29.040000,-0.11489160,0.11489160,0.50640114,0.52498634
29.080000,-0.11119496,0.11119496,0.50555279,0.52441795
29.120000,-0.11173098,0.11173098,0.50470604,0.52385185
29.160000,-0.11045660,0.11045660,0.50386335,0.52328555
29.200000,-0.10058803,0.10058803,0.50303647,0.52270731
29.240000,-0.11430667,0.11430667,0.50219310,0.52214938
29.280000,-0.12014320,0.12014320,0.50134408,0.52160094
29.320000,-0.11490912,0.11490912,0.50050449,0.52104687
29.360000,-0.10479304,0.10479304,0.49968096,0.52048054
29.400000,-0.09108843,0.09108843,0.49887828,0.51989712
29.440000,-0.08633684,0.08633684,0.49808423,0.51930885
29.480000,-0.09363982,0.09363982,0.49728244,0.51873206
29.520000,-0.10688534,0.10688534,0.49646489,0.51817476
29.560000,-0.11284352,0.11284352,0.49564150,0.51762701
29.600000,-0.10594359,0.10594359,0.49482965,0.51707143
29.640000,-0.10979593,0.10979593,0.49401479,0.51652254
29.680000,-0.10922929,0.10922929,0.49320288,0.51597437
29.720000,-0.11604129,0.11604129,0.49238401,0.51543683
29.760000,-0.14618057,0.14618057,0.49152687,0.51494118
29.800000,-0.15810145,0.15810145,0.49065606,0.51446284
29.840000,-0.16360101,0.16360101,0.48978021,0.51399315
29.880000,-0.14979804,0.14979804,0.48892516,0.51350626
29.920000,-0.14772962,0.14772962,0.48807515,0.51301790
29.960000,-0.15098236,0.15098236,0.48722308,0.51253519
30.000000,-0.14510612,0.14510612,0.48638110,0.51204594
30.040000,-0.11614336,0.11614336,0.48557987,0.51151947
30.080000,-0.11140381,0.11140381,0.48478706,0.51098811
30.120000,-0.11152253,0.11152253,0.48399620,0.51045831
30.160000,-0.10058692,0.10058692,0.48322191,0.50991544
30.200000,-0.11566526,0.11566526,0.48242974,0.50939394
30.240000,-0.13591236,0.13591236,0.48161290,0.50890057
30.280000,-0.16138093,0.16138093,0.48076463,0.50844210
30.320000,-0.17241603,0.17241603,0.47990405,0.50799938
30.360000,-0.16153669,0.16153669,0.47906005,0.50754351
30.400000,-0.15971352,0.15971352,0.47822066,0.50708644
30.440000,-0.15932079,0.15932079,0.47738399,0.50663005
30.480000,-0.16466573,0.16466573,0.47654251,0.50618187
30.520000,-0.17600298,0.17600298,0.47568839,0.50574970
30.560000,-0.18397900,0.18397900,0.47482608,0.50532908
30.600000,-0.18361457,0.18361457,0.47396650,0.50490909
30.640000,-0.18194246,0.18194246,0.47311134,0.50448801
30.680000,-0.16941700,0.16941700,0.47227471,0.50405172
30.720000,-0.16567739,0.16567739,0.47144512,0.50361170
30.760000,-0.16589547,0.16589547,0.47061741,0.50317311
30.800000,-0.18320572,0.18320572,0.46976939,0.50275811
30.840000,-0.17498569,0.17498569,0.46893422,0.50233353
30.880000,-0.13428077,0.13428077,0.46815386,0.50185740
30.920000,-0.09666846,0.09666846,0.46742411,0.50133390
30.960000,-0.07483100,0.07483100,0.46672443,0.50078357
31.000000,-0.05969666,0.05969666,0.46604605,0.50021516
31.040000,-0.08044958,0.08044958,0.46534271,0.49967492
31.080000,-0.08325159,0.08325159,0.46463758,0.49913967
31.120000,-0.07661705,0.07661705,0.46394277,0.49859728
31.160000,-0.08730417,0.08730417,0.46323604,0.49806998
31.200000,-0.07753271,0.07753271,0.46254364,0.49753152
31.240000,-0.08901159,0.08901159,0.46183833,0.49700912
31.280000,-0.10870825,0.10870825,0.46110966,0.49651320
31.320000,-0.11496259,0.11496259,0.46037487,0.49602653
31.360000,-0.12779156,0.12779156,0.45962562,0.49555744
31.400000,-0.12728178,0.12728178,0.45887891,0.49508890
31.440000,-0.11944613,0.11944613,0.45814407,0.49461159
31.480000,-0.11167910,0.11167910,0.45742094,0.49412563
31.520000,-0.09931278,0.09931278,0.45671532,0.49362524
31.560000,-0.09637655,0.09637655,0.45601520,0.49312239
31.600000,-0.10404844,0.10404844,0.45530716,0.49263051
31.640000,-0.09231165,0.09231165,0.45461572,0.49212506
31.680000,-0.08825398,0.08825398,0.45393114,0.49161577
31.720000,-0.12054058,0.12054058,0.45320763,0.49114842
31.760000,-0.16361928,0.16361928,0.45243175,0.49073643
31.800000,-0.18203975,0.18203975,0.45163467,0.49034862
31.840000,-0.18951839,0.18951839,0.45083021,0.48997117
31.880000,-0.18836098,0.18836098,0.45002922,0.48959321
31.920000,-0.19595848,0.19595848,0.44922073,0.48922571
31.960000,-0.18455096,0.18455096,0.44842851,0.48884486
32.000000,-0.18105895,0.18105895,0.44764263,0.48846061
32.040000,-0.16900482,0.16900482,0.44687375,0.48806229
32.080000,-0.15079068,0.15079068,0.44612946,0.48764227
32.120000,-0.14238712,0.14238712,0.44539747,0.48721285
32.160000,-0.14792108,0.14792108,0.44466043,0.48679137
32.200000,-0.13166897,0.13166897,0.44394538,0.48635077
32.240000,-0.14381734,0.14381734,0.44321705,0.48592632
32.280000,-0.15263706,0.15263706,0.44247961,0.48551383
32.320000,-0.16503003,0.16503003,0.44172867,0.48511768
32.360000,-0.17573336,0.17573336,0.44096637,0.48473573
32.400000,-0.18304775,0.18304775,0.44019693,0.48436373
32.440000,-0.19715580,0.19715580,0.43941202,0.48401003
32.480000,-0.22836732,0.22836732,0.43859064,0.48369559
32.520000,-0.24897887,0.24897887,0.43774596,0.48340724
32.560000,-0.24537289,0.24537289,0.43690778,0.48311517
32.600000,-0.25062376,0.25062376,0.43606521,0.48283025
32.640000,-0.26432093,0.26432093,0.43520795,0.48256280
32.680000,-0.27187240,0.27187240,0.43434355,0.48230523
32.720000,-0.30660830,0.30660830,0.43343884,0.48209071
32.760000,-0.31875535,0.31875535,0.43252153,0.48189152
32.800000,-0.33069733,0.33069733,0.43159191,0.48170736
32.840000,-0.33331555,0.33331555,0.43066137,0.48152683
32.880000,-0.32652469,0.32652469,0.42974134,0.48133849
32.920000,-0.32610788,0.32610788,0.42882404,0.48115011
32.960000,-0.32405359,0.32405359,0.42791146,0.48095969
33.000000,-0.33296092,0.33296092,0.42699031,0.48078051
33.040000,-0.33395493,0.33395493,0.42607018,0.48060297
33.080000,-0.33717861,0.33717861,0.42514839,0.48042975
33.120000,-0.32143857,0.32143857,0.42424780,0.48023797
33.160000,-0.30215856,0.30215856,0.42337261,0.48002341
33.200000,-0.30421976,0.30421976,0.42249705,0.47981186
33.240000,-0.30872142,0.30872142,0.42161818,0.47960622
33.280000,-0.30421363,0.30421363,0.42074683,0.47939566
33.320000,-0.30099456,0.30099456,0.41988143,0.47918175
33.360000,-0.31023061,0.31023061,0.41900705,0.47897942
33.400000,-0.30026161,0.30026161,0.41814668,0.47876564
33.440000,-0.31047941,0.31047941,0.41727616,0.47856458
33.480000,-0.31252053,0.31252053,0.41640528,0.47836644
33.520000,-0.30887386,0.30887386,0.41554082,0.47816442
33.560000,-0.29807013,0.29807013,0.41469129,0.47795002
33.600000,-0.28817972,0.28817972,0.41385553,0.47772437
33.640000,-0.28186421,0.28186421,0.41302926,0.47749176
33.680000,-0.28782342,0.28782342,0.41219788,0.47726677
33.720000,-0.27421876,0.27421876,0.41138459,0.47702619
33.760000,-0.29210162,0.29210162,0.41055206,0.47680735
33.800000,-0.30641489,0.30641489,0.40970458,0.47660594
33.840000,-0.30794880,0.30794880,0.40885730,0.47640681
33.880000,-0.31784587,0.31784587,0.40800033,0.47621983
33.920000,-0.32846559,0.32846559,0.40713288,0.47604580
33.960000,-0.33525153,0.33525153,0.40625949,0.47588016
34.000000,-0.32386180,0.32386180,0.40540153,0.47570152
34.040000,-0.32292476,0.32292476,0.40454669,0.47552221
34.080000,-0.31230286,0.31230286,0.40370630,0.47533086
34.120000,-0.31638463,0.31638463,0.40286311,0.47514474
34.160000,-0.31540866,0.31540866,0.40202302,0.47495791
34.200000,-0.32117830,0.32117830,0.40117816,0.47477826
34.240000,-0.30600309,0.30600309,0.40035298,0.47458133
34.280000,-0.31818343,0.31818343,0.39951552,0.47439905
34.320000,-0.31690746,0.31690746,0.39868150,0.47421570
34.360000,-0.31839241,0.31839241,0.39784770,0.47403451
34.400000,-0.29355384,0.29355384,0.39704467,0.47382490
34.440000,-0.28571162,0.28571162,0.39625261,0.47360667
34.480000,-0.28176034,0.28176034,0.39546697,0.47338436
34.520000,-0.28656554,0.28656554,0.39467758,0.47316814
34.560000,-0.30144390,0.30144390,0.39387281,0.47296961
34.600000,-0.33324606,0.33324606,0.39303318,0.47280827
34.640000,-0.33466106,0.33466106,0.39219386,0.47264893
34.680000,-0.33493077,0.33493077,0.39135616,0.47249027
34.720000,-0.34937096,0.34937096,0.39050377,0.47234859
34.760000,-0.35970194,0.35970194,0.38964146,0.47221911
34.800000,-0.34468160,0.34468160,0.38879838,0.47207269
34.840000,-0.32867766,0.32867766,0.38797559,0.47190824
34.880000,-0.33375470,0.33375470,0.38714886,0.47174999
34.920000,-0.34203192,0.34203192,0.38631456,0.47160157
34.960000,-0.33346898,0.33346898,0.38549195,0.47144371
35.000000,-0.32822709,0.32822709,0.38467720,0.47128022
35.040000,-0.31277037,0.31277037,0.38388194,0.47109947
35.080000,-0.31206443,0.31206443,0.38308929,0.47091834
35.120000,-0.34286623,0.34286623,0.38226340,0.47077266
35.160000,-0.38692206,0.38692206,0.38138933,0.47067738
35.200000,-0.40806944,0.40806944,0.38049323,0.47060631
35.240000,-0.42912840,0.42912840,0.37957529,0.47055929
35.280000,-0.43850450,0.43850450,0.37864882,0.47052298
35.320000,-0.42038025,0.42038025,0.37774494,0.47046626
35.360000,-0.38895458,0.38895458,0.37687861,0.47037416
35.400000,-0.37204591,0.37204591,0.37603332,0.47026318
35.440000,-0.38555083,0.38555083,0.37517472,0.47016767
35.480000,-0.36825563,0.36825563,0.37433752,0.47005291
35.520000,-0.35770556,0.35770556,0.37351407,0.46992653
35.560000,-0.34209502,0.34209502,0.37271002,0.46978290
35.600000,-0.33982467,0.33982467,0.37191032,0.46963704
35.640000,-0.33860617,0.33860617,0.37111377,0.46949015
35.680000,-0.35254345,0.35254345,0.37030341,0.46935919
35.720000,-0.35870359,0.35870359,0.36948796,0.46923541
35.760000,-0.36516791,0.36516791,0.36866712,0.46911914
35.800000,-0.36393117,0.36393117,0.36784949,0.46900174
35.840000,-0.36055936,0.36055936,0.36703744,0.46888085
35.880000,-0.36303844,0.36303844,0.36622444,0.46876298
35.920000,-0.36053202,0.36053202,0.36541603,0.46864259
35.960000,-0.37715836,0.37715836,0.36459095,0.46854094
36.000000,-0.39722952,0.39722952,0.36374542,0.46846179
36.040000,-0.39396589,0.39396589,0.36290538,0.46837920
36.080000,-0.34438012,0.34438012,0.36212212,0.46824189
36.120000,-0.30036877,0.30036877,0.36138928,0.46805619
36.160000,-0.26810562,0.26810562,0.36069370,0.46783525
36.200000,-0.24361446,0.24361446,0.36002670,0.46758776
36.240000,-0.24348063,0.24348063,0.35936131,0.46734068
36.280000,-0.24623538,0.24623538,0.35869435,0.46709717
36.320000,-0.24749376,0.24749376,0.35802748,0.46685558
36.360000,-0.24576061,0.24576061,0.35736398,0.46661262
36.400000,-0.24555961,0.24555961,0.35670215,0.46636997
36.440000,-0.23518098,0.23518098,0.35605315,0.46611647
36.480000,-0.21652860,0.21652860,0.35542601,0.46584310
36.520000,-0.17985576,0.17985576,0.35484036,0.46553020
36.560000,-0.17575426,0.17575426,0.35426048,0.46521351
36.600000,-0.18463095,0.18463095,0.35367217,0.46490720
36.640000,-0.17992697,0.17992697,0.35309027,0.46459642
36.680000,-0.17975086,0.17975086,0.35250984,0.46428613
36.720000,-0.16436358,0.16436358,0.35194741,0.46395978
36.760000,-0.13418290,0.13418290,0.35141900,0.46360132
36.800000,-0.11773985,0.11773985,0.35090960,0.46322579
36.840000,-0.10916166,0.10916166,0.35041061,0.46284178
36.880000,-0.12387208,0.12387208,0.34989676,0.46247453
36.920000,-0.14639947,0.14639947,0.34935964,0.46213246
36.960000,-0.15077396,0.15077396,0.34881896,0.46179585
37.000000,-0.16627590,0.16627590,0.34826270,0.46147672
37.040000,-0.18016369,0.18016369,0.34769266,0.46117325
37.080000,-0.18073971,0.18073971,0.34712323,0.46087106
37.120000,-0.17881117,0.17881117,0.34655710,0.46056744
37.160000,-0.17722635,0.17722635,0.34599389,0.46026277
37.200000,-0.16543258,0.16543258,0.34544456,0.45994609
37.240000,-0.15889853,0.15889853,0.34490342,0.45962308
37.280000,-0.15944132,0.15944132,0.34436286,0.45930134
37.320000,-0.15169891,0.15169891,0.34383174,0.45897200
37.360000,-0.13095234,0.13095234,0.34332395,0.45862118
37.400000,-0.12614141,0.12614141,0.34282239,0.45826597
37.440000,-0.13593146,0.13593146,0.34231144,0.45792196
37.480000,-0.15458650,0.15458650,0.34178170,0.45759858
37.520000,-0.16592487,0.16592487,0.34124101,0.45728795
37.560000,-0.18971281,0.18971281,0.34067617,0.45700330
37.600000,-0.20935319,0.20935319,0.34009165,0.45674012
37.640000,-0.21696111,0.21696111,0.33950030,0.45648558
37.680000,-0.22368352,0.22368352,0.33890308,0.45623871
37.720000,-0.19661869,0.19661869,0.33833579,0.45596368
37.760000,-0.19409007,0.19409007,0.33777237,0.45568657
37.800000,-0.18716215,0.18716215,0.33721747,0.45540272
37.840000,-0.20262722,0.20262722,0.33664742,0.45513579
37.880000,-0.19542952,0.19542952,0.33608615,0.45486184
37.920000,-0.17206910,0.17206910,0.33555069,0.45456385
37.960000,-0.17481448,0.17481448,0.33501346,0.45426938
38.000000,-0.17121427,0.17121427,0.33448115,0.45397174
38.040000,-0.18145087,0.18145087,0.33393921,0.45368548
38.080000,-0.18300631,0.18300631,0.33339677,0.45340145
38.120000,-0.19013351,0.19013351,0.33284799,0.45312549
38.160000,-0.19676456,0.19676456,0.33229342,0.45285705
38.200000,-0.20763867,0.20763867,0.33172864,0.45260054
38.240000,-0.21169789,0.21169789,0.33116080,0.45234882
38.280000,-0.21880970,0.21880970,0.33058672,0.45210504
38.320000,-0.22231194,0.22231194,0.33001018,0.45186542
38.360000,-0.23506928,0.23506928,0.32942155,0.45163959
38.400000,-0.24270817,0.24270817,0.32882621,0.45142218
38.440000,-0.25137648,0.25137648,0.32822309,0.45121423
38.480000,-0.25381358,0.25381358,0.32761869,0.45100925
38.520000,-0.25181583,0.25181583,0.32701761,0.45080262
38.560000,-0.22770796,0.22770796,0.32644277,0.45057143
38.600000,-0.18581962,0.18581962,0.32591248,0.45029736
38.640000,-0.15835344,0.15835344,0.32541168,0.44999545
38.680000,-0.15487399,0.15487399,0.32491552,0.44969057
38.720000,-0.14812809,0.14812809,0.32442734,0.44937936
38.760000,-0.15233289,0.15233289,0.32393584,0.44907313
38.800000,-0.16845699,0.16845699,0.32342874,0.44878413
38.840000,-0.15378068,0.15378068,0.32293778,0.44848063
38.880000,-0.16188577,0.16188577,0.32243951,0.44818609
38.920000,-0.14517023,0.14517023,0.32195941,0.44787498
38.960000,-0.14364975,0.14364975,0.32148187,0.44756295
39.000000,-0.14857796,0.14857796,0.32100025,0.44725662
39.040000,-0.15142553,0.15142553,0.32051670,0.44695382
39.080000,-0.15250606,0.15250606,0.32003304,0.44665275
39.120000,-0.15030656,0.15030656,0.31955261,0.44635005
39.160000,-0.15653692,0.15653692,0.31906680,0.44605432
39.200000,-0.15069750,0.15069750,0.31858794,0.44575324
39.240000,-0.13230116,0.13230116,0.31812879,0.44543405
39.280000,-0.12989563,0.12989563,0.31767301,0.44511305
39.320000,-0.11753752,0.11753752,0.31723073,0.44478015
39.360000,-0.11576931,0.11576931,0.31679113,0.44444613
39.400000,-0.15612924,0.15612924,0.31631150,0.44415372
39.440000,-0.17715696,0.17715696,0.31581153,0.44388320
39.480000,-0.18529192,0.18529192,0.31530434,0.44362147
39.520000,-0.18902751,0.18902751,0.31479440,0.44336405
39.560000,-0.17329516,0.17329516,0.31430138,0.44309125
39.600000,-0.16377282,0.16377282,0.31381896,0.44280939
39.640000,-0.15646695,0.15646695,0.31334488,0.44252074
39.680000,-0.16157189,0.16157189,0.31286662,0.44223781
39.720000,-0.16482356,0.16482356,0.31238605,0.44195872
39.760000,-0.16321823,0.16321823,0.31190805,0.44167858
39.800000,-0.16011634,0.16011634,0.31143413,0.44139589
39.840000,-0.14027845,0.14027845,0.31098106,0.44109387
39.880000,-0.11193451,0.11193451,0.31055730,0.44076405
39.920000,-0.09538897,0.09538897,0.31015094,0.44041833
39.960000,-0.10210626,0.10210626,0.30973869,0.44008001
40.000000,-0.10785901,0.10785901,0.30932151,0.43974812
40.040000,-0.12351988,0.12351988,0.30888953,0.43943253
40.080000,-0.12032389,0.12032389,0.30846160,0.43911437
40.120000,-0.12695272,0.12695272,0.30802792,0.43880346
40.160000,-0.12006533,0.12006533,0.30760196,0.43848630
40.200000,-0.13110088,0.13110088,0.30716587,0.43818075
40.240000,-0.12375829,0.12375829,0.30673794,0.43786851
40.280000,-0.12690104,0.12690104,0.30630774,0.43756001
40.320000,-0.11248591,0.11248591,0.30589269,0.43723784
40.360000,-0.09745544,0.09745544,0.30549333,0.43690142
40.400000,-0.11512235,0.11512235,0.30507729,0.43658314
40.440000,-0.13794498,0.13794498,0.30463952,0.43628805
40.480000,-0.13046856,0.13046856,0.30421000,0.43598615
40.520000,-0.11467857,0.11467857,0.30379689,0.43566928
40.560000,-0.08995163,0.08995163,0.30340896,0.43532867
40.600000,-0.07992279,0.07992279,0.30303167,0.43497886
40.640000,-0.07943633,0.07943633,0.30265559,0.43462926
40.680000,-0.07859775,0.07859775,0.30228108,0.43427953
40.720000,-0.07124203,0.07124203,0.30191452,0.43392326
40.760000,-0.06714530,0.06714530,0.30155270,0.43356367
40.800000,-0.06317726,0.06317726,0.30119547,0.43320090
40.840000,-0.06554024,0.06554024,0.30083663,0.43284116
40.880000,-0.07773577,0.07773577,0.30046657,0.43249404
40.920000,-0.08043541,0.08043541,0.30009459,0.43215023
40.960000,-0.07209234,0.07209234,0.29973149,0.43179895
41.000000,-0.05471980,0.05471980,0.29938602,0.43143143
41.040000,-0.02790232,0.02790232,0.29906733,0.43103851
41.080000,-0.00113223,0.00113223,0.29877531,0.43062031
41.120000,0.02013221,0.02013221,0.29850452,0.43022139
41.160000,0.03677139,0.03677139,0.29825041,0.42983940
41.200000,0.06505550,0.06505550,0.29802423,0.42948559
41.240000,0.05276821,0.05276821,0.29778658,0.42912055
41.280000,0.02346115,0.02346115,0.29752101,0.42872785
41.320000,-0.01270496,0.01270496,0.29722099,0.42832551
41.360000,-0.03237352,0.03237352,0.29690254,0.42794295
41.400000,-0.02676036,0.02676036,0.29659012,0.42755570
41.440000,-0.01838113,0.01838113,0.29628639,0.42716113
41.480000,0.00252886,0.00252886,0.29600339,0.42675204
41.520000,0.00425606,0.00425606,0.29572259,0.42634540
41.560000,-0.00912925,0.00912925,0.29542946,0.42594423
41.600000,-0.02468160,0.02468160,0.29512196,0.42555878
41.640000,-0.04782141,0.04782141,0.29479284,0.42519626
41.680000,-0.06307135,0.06307135,0.29444973,0.42484907
41.720000,-0.07862279,0.07862279,0.29409238,0.42451743
41.760000,-0.09184960,0.09184960,0.29372306,0.42419909
41.800000,-0.09032129,0.09032129,0.29335590,0.42387990
41.840000,-0.08206278,0.08206278,0.29299734,0.42355342
41.880000,-0.08000521,0.08000521,0.29264142,0.42322561
41.920000,-0.07598572,0.07598572,0.29229001,0.42289459
41.960000,-0.08031487,0.08031487,0.29193515,0.42256832
42.000000,-0.07802881,0.07802881,0.29158314,0.42224050
42.040000,-0.08337964,0.08337964,0.29122671,0.42191839
42.080000,-0.10134347,0.10134347,0.29085390,0.42161395
42.120000,-0.11193532,0.11193532,0.29047174,0.42132014
42.160000,-0.12055758,0.12055758,0.29008214,0.42103506
42.200000,-0.14633887,0.14633887,0.28966887,0.42077493
42.240000,-0.16653548,0.16653548,0.28923726,0.42053440
42.280000,-0.19165510,0.19165510,0.28878273,0.42031807
42.320000,-0.22484861,0.22484861,0.28829772,0.42013349
42.360000,-0.25152207,0.25152207,0.28778845,0.41997442
42.400000,-0.25151770,0.25151770,0.28728015,0.41981565
42.440000,-0.24198919,0.24198919,0.28678178,0.41964820
42.480000,-0.21580651,0.21580651,0.28630898,0.41945644
42.520000,-0.20425123,0.20425123,0.28584793,0.41925418
42.560000,-0.19979782,0.19979782,0.28539192,0.41904812
42.600000,-0.19414952,0.19414952,0.28494207,0.41883715
42.640000,-0.19930977,0.19930977,0.28448823,0.41863140
42.680000,-0.18112360,0.18112360,0.28405226,0.41840902
42.720000,-0.16902232,0.16902232,0.28362843,0.41817573
42.760000,-0.19134763,0.19134763,0.28318453,0.41796374
42.800000,-0.19320351,0.19320351,0.28273972,0.41775388
42.840000,-0.21518141,0.21518141,0.28227524,0.41756491
42.880000,-0.21656513,0.21656513,0.28181034,0.41737759
42.920000,-0.22284635,0.22284635,0.28134046,0.41719646
42.960000,-0.21110460,0.21110460,0.28088237,0.41700475
43.000000,-0.19463405,0.19463405,0.28044044,0.41679808
43.040000,-0.19083048,0.19083048,0.28000286,0.41658827
43.080000,-0.19489207,0.19489207,0.27956233,0.41638261
43.120000,-0.20281379,0.20281379,0.27911527,0.41618468
43.160000,-0.19372215,0.19372215,0.27867746,0.41597870
43.200000,-0.17897119,0.17897119,0.27825410,0.41575945
43.240000,-0.17504282,0.17504282,0.27783516,0.41553698
43.280000,-0.16804015,0.16804015,0.27742345,0.41530845
43.320000,-0.17486490,0.17486490,0.27700621,0.41508664
43.360000,-0.18191024,0.18191024,0.27658325,0.41487173
43.400000,-0.17901997,0.17901997,0.27616372,0.41465455
43.440000,-0.17689253,0.17689253,0.27574693,0.41443582
43.480000,-0.18456503,0.18456503,0.27532385,0.41422454
43.520000,-0.18292351,0.18292351,0.27490305,0.41401214
43.560000,-0.18674638,0.18674638,0.27447952,0.41380364
43.600000,-0.18015485,0.18015485,0.27406281,0.41358948
43.640000,-0.18651522,0.18651522,0.27364103,0.41338154
43.680000,-0.20322471,0.20322471,0.27320474,0.41318926
43.720000,-0.21353429,0.21353429,0.27275982,0.41300676
43.760000,-0.21268069,0.21268069,0.27231650,0.41282382
43.800000,-0.18481481,0.18481481,0.27189941,0.41261578
43.840000,-0.15240602,0.15240602,0.27151262,0.41237858
43.880000,-0.16036794,0.16036794,0.27111929,0.41214906
43.920000,-0.16681246,0.16681246,0.27072080,0.41192583
43.960000,-0.18519608,0.18519608,0.27030633,0.41171971
44.000000,-0.19161876,0.19161876,0.26988678,0.41151980
44.040000,-0.20660726,0.20660726,0.26945439,0.41133385
44.080000,-0.20699824,0.20699824,0.26902243,0.41114860
44.120000,-0.20386744,0.20386744,0.26859409,0.41096084
44.160000,-0.19464576,0.19464576,0.26817487,0.41076508
44.200000,-0.19469514,0.19469514,0.26775636,0.41056972
44.240000,-0.18367529,0.18367529,0.26734856,0.41036476
44.280000,-0.16863816,0.16863816,0.26695507,0.41014659
44.320000,-0.15806779,0.15806779,0.26657183,0.40991929
44.360000,-0.16038918,0.16038918,0.26618718,0.40969449
44.400000,-0.16216188,0.16216188,0.26580162,0.40947169
44.440000,-0.17247586,0.17247586,0.26540749,0.40925856
44.480000,-0.18536539,0.18536539,0.26500248,0.40905740
44.520000,-0.20450452,0.20450452,0.26458102,0.40887378
44.560000,-0.22743685,0.22743685,0.26413975,0.40871105
44.600000,-0.24368706,0.24368706,0.26368471,0.40856318
44.640000,-0.26924877,0.26924877,0.26320760,0.40843846
44.680000,-0.29342592,0.29342592,0.26270971,0.40833559
44.720000,-0.32780653,0.32780653,0.26218199,0.40826362
44.760000,-0.32983771,0.32983771,0.26165341,0.40819360
44.800000,-0.33443527,0.33443527,0.26112166,0.40812780
44.840000,-0.31680867,0.31680867,0.26060657,0.40804641
44.880000,-0.29289927,0.29289927,0.26011369,0.40794388
44.920000,-0.26958373,0.26958373,0.25964243,0.40782078
44.960000,-0.24480396,0.24480396,0.25919403,0.40767588
45.000000,-0.24830533,0.24830533,0.25874332,0.40753434
45.040000,-0.23681226,0.23681226,0.25830361,0.40738286
45.080000,-0.21991395,0.21991395,0.25787966,0.40721666
45.120000,-0.20508212,0.20508212,0.25746959,0.40703762
45.160000,-0.19249885,0.19249885,0.25707139,0.40684777
45.200000,-0.18294848,0.18294848,0.25668234,0.40664980
45.240000,-0.17276781,0.17276781,0.25630296,0.40644319
45.280000,-0.19562667,0.19562667,0.25590408,0.40625712
45.320000,-0.22465377,0.22465377,0.25548031,0.40609698
45.360000,-0.23990861,0.23990861,0.25504385,0.40595056
45.400000,-0.25135945,0.25135945,0.25459807,0.40581447
45.440000,-0.26669019,0.26669019,0.25413959,0.40569211
45.480000,-0.29235234,0.29235234,0.25365937,0.40559252
45.520000,-0.29608219,0.29608219,0.25317672,0.40549637
45.560000,-0.28267170,0.28267170,0.25270668,0.40538863
45.600000,-0.26962128,0.26962128,0.25224889,0.40526964
45.640000,-0.25447928,0.25447928,0.25180517,0.40513760
45.680000,-0.25270778,0.25270778,0.25136378,0.40500424
45.720000,-0.23764751,0.23764751,0.25093632,0.40485795
45.760000,-0.22239533,0.22239533,0.25052293,0.40469859
45.800000,-0.19846423,0.19846423,0.25013115,0.40451863
45.840000,-0.18971316,0.18971316,0.24974767,0.40433136
45.880000,-0.20185033,0.20185033,0.24935430,0.40415498
45.920000,-0.20768671,0.20768671,0.24895652,0.40398399
45.960000,-0.21074764,0.21074764,0.24855678,0.40381596
46.000000,-0.23489423,0.23489423,0.24813675,0.40366920
46.040000,-0.24083336,0.24083336,0.24771230,0.40352785
46.080000,-0.24649809,0.24649809,0.24728367,0.40339165
46.120000,-0.23792849,0.23792849,0.24686321,0.40324827
46.160000,-0.22531637,0.22531637,0.24645439,0.40309422
46.200000,-0.22086268,0.22086268,0.24605014,0.40293658
46.240000,-0.22440311,0.22440311,0.24564353,0.40278227
46.280000,-0.23502938,0.23502938,0.24522844,0.40263741
46.320000,-0.24499911,0.24499911,0.24480546,0.40250139
46.360000,-0.23694204,0.23694204,0.24439016,0.40235867
46.400000,-0.24409798,0.24409798,0.24396942,0.40222236
46.440000,-0.25754451,0.25754451,0.24353782,0.40209785
46.480000,-0.23571584,0.23571584,0.24312574,0.40195479
46.520000,-0.23173684,0.23173684,0.24271778,0.40180855
46.560000,-0.21908707,0.21908707,0.24232138,0.40165171
46.600000,-0.21391450,0.21391450,0.24193010,0.40149070
46.640000,-0.21656349,0.21656349,0.24153721,0.40133223
46.680000,-0.23153632,0.23153632,0.24113219,0.40118686
46.720000,-0.19685462,0.19685462,0.24075752,0.40101207
46.760000,-0.17886565,0.17886565,0.24039887,0.40082220
46.800000,-0.16893947,0.16893947,0.24004930,0.40062418
46.840000,-0.16459890,0.16459890,0.23970404,0.40042279
46.880000,-0.17613373,0.17613373,0.23934953,0.40023158
46.920000,-0.18193796,0.18193796,0.23899068,0.40004564
46.960000,-0.18544421,0.18544421,0.23862946,0.39986300
47.000000,-0.19692265,0.19692265,0.23825910,0.39969043
47.040000,-0.18686382,0.18686382,0.23789790,0.39950961
47.080000,-0.19021241,0.19021241,0.23753448,0.39933194
47.120000,-0.19523530,0.19523530,0.23716742,0.39915883
47.160000,-0.20602793,0.20602793,0.23679183,0.39899516
47.200000,-0.23010397,0.23010397,0.23639649,0.39885215
47.240000,-0.25139538,0.25139538,0.23598380,0.39872740
47.280000,-0.25024036,0.25024036,0.23557280,0.39860188
47.320000,-0.25616641,0.25616641,0.23515748,0.39848158
47.360000,-0.25331123,0.25331123,0.23474527,0.39835908
47.400000,-0.24909981,0.24909981,0.23433730,0.39823323
47.440000,-0.23197501,0.23197501,0.23394445,0.39809316
47.480000,-0.21931982,0.21931982,0.23356292,0.39794268
47.520000,-0.19953330,0.19953330,0.23319866,0.39777581
47.560000,-0.19073718,0.19073718,0.23284242,0.39760183
47.600000,-0.19212861,0.19212861,0.23248560,0.39742930
47.640000,-0.18496960,0.18496960,0.23213538,0.39725107
47.680000,-0.16490799,0.16490799,0.23180257,0.39705631
47.720000,-0.16373508,0.16373508,0.23147130,0.39686090
47.760000,-0.14393925,0.14393925,0.23115715,0.39664925
47.800000,-0.13064109,0.13064109,0.23085464,0.39642683
47.840000,-0.13350364,0.13350364,0.23055025,0.39620718
47.880000,-0.13714126,0.13714126,0.23024333,0.39599093
47.920000,-0.13928145,0.13928145,0.22993513,0.39577683
47.960000,-0.15378330,0.15378330,0.22961537,0.39557517
48.000000,-0.15593209,0.15593209,0.22929435,0.39537563
48.040000,-0.14829925,0.14829925,0.22898021,0.39517008
48.080000,-0.15419637,0.15419637,0.22866169,0.39496977
48.120000,-0.13194849,0.13194849,0.22836218,0.39475131
48.160000,-0.12439500,0.12439500,0.22806944,0.39452695
48.200000,-0.14483682,0.14483682,0.22776023,0.39431991
48.240000,-0.15372622,0.15372622,0.22744417,0.39412058
48.280000,-0.14655214,0.14655214,0.22713457,0.39391564
48.320000,-0.14950137,0.14950137,0.22682304,0.39371348
48.360000,-0.13197358,0.13197358,0.22652651,0.39349716
48.400000,-0.09732154,0.09732154,0.22625909,0.39325259
48.440000,-0.05953442,0.05953442,0.22602329,0.39297725
48.480000,-0.05212718,0.05212718,0.22579398,0.39269625
48.520000,-0.06870425,0.06870425,0.22555140,0.39242937
48.560000,-0.06871729,0.06871729,0.22530920,0.39216294
48.600000,-0.08574485,0.08574485,0.22505340,0.39191095
48.640000,-0.09682553,0.09682553,0.22478891,0.39166848
48.680000,-0.09383032,0.09383032,0.22452732,0.39142395
48.720000,-0.10132035,0.10132035,0.22426001,0.39118596
48.760000,-0.10733972,0.10733972,0.22398821,0.39095330
48.800000,-0.10863373,0.10863373,0.22371579,0.39072208
48.840000,-0.11761793,0.11761793,0.22343647,0.39049859
48.880000,-0.14371777,0.14371777,0.22313626,0.39029681
48.920000,-0.15532955,0.15532955,0.22282706,0.39010484
48.960000,-0.14189767,0.14189767,0.22252932,0.38990223
49.000000,-0.13779344,0.13779344,0.22223542,0.38969659
49.040000,-0.11840928,0.11840928,0.22195780,0.38947549
49.080000,-0.10506897,0.10506897,0.22169149,0.38924389
49.120000,-0.11531986,0.11531986,0.22141727,0.38902101
49.160000,-0.13009962,0.13009962,0.22113149,0.38881050
49.200000,-0.14314061,0.14314061,0.22083557,0.38861093
49.240000,-0.16540927,0.16540927,0.22052206,0.38842976
49.280000,-0.18529900,0.18529900,0.22019293,0.38826502
49.320000,-0.20100940,0.20100940,0.21985160,0.38811327
49.360000,-0.22761022,0.22761022,0.21948928,0.38798331
49.400000,-0.25390767,0.25390767,0.21910627,0.38787483
49.440000,-0.23109953,0.23109953,0.21874232,0.38774810
49.480000,-0.23668462,0.23668462,0.21837445,0.38762607
49.520000,-0.24283472,0.24283472,0.21800221,0.38750921
49.560000,-0.22824464,0.22824464,0.21764233,0.38738077
49.600000,-0.21124769,0.21124769,0.21729673,0.38723884
49.640000,-0.22516411,0.22516411,0.21694048,0.38710835
49.680000,-0.24525062,0.24525062,0.21656865,0.38699422
49.720000,-0.23057512,0.23057512,0.21620921,0.38686849
49.760000,-0.23885179,0.23885179,0.21584369,0.38674960
49.800000,-0.22067071,0.22067071,0.21549336,0.38661631
49.840000,-0.19918909,0.19918909,0.21516082,0.38646600
49.880000,-0.19997331,0.19997331,0.21482818,0.38631657
49.920000,-0.17651587,0.17651587,0.21451485,0.38614860
49.960000,-0.16288877,0.16288877,0.21421293,0.38596999
50.000000,-0.15589466,0.15589466,0.21391708,0.38578607
50.040000,-0.15653267,0.15653267,0.21362119,0.38560297
50.080000,-0.16071646,0.16071646,0.21332244,0.38542349
50.120000,-0.17417916,0.17417916,0.21301343,0.38525503
50.160000,-0.17695109,0.17695109,0.21270270,0.38508905
50.200000,-0.15926524,0.15926524,0.21240655,0.38490926
50.240000,-0.10794737,0.10794737,0.21215169,0.38468892
50.280000,-0.08204943,0.08204943,0.21191783,0.38444835
50.320000,-0.08430411,0.08430411,0.21168254,0.38420995
50.360000,-0.06700682,0.06700682,0.21146136,0.38395820
50.400000,-0.03240281,0.03240281,0.21126797,0.38367941
50.440000,-0.03446857,0.03446857,0.21107325,0.38340270
50.480000,-0.04808274,0.04808274,0.21086806,0.38313720
50.520000,-0.04511969,0.04511969,0.21066554,0.38286978
50.560000,-0.06684314,0.06684314,0.21044616,0.38261996
50.600000,-0.07064823,0.07064823,0.21022413,0.38237354
50.640000,-0.08040229,0.08040229,0.20999475,0.38213520
50.680000,-0.10469912,0.10469912,0.20974657,0.38191640
50.720000,-0.10423805,0.10423805,0.20949914,0.38169759
50.760000,-0.10824316,0.10824316,0.20924895,0.38148227
50.800000,-0.10317880,0.10317880,0.20900314,0.38126330
50.840000,-0.08785837,0.08785837,0.20876976,0.38103264
50.880000,-0.07777892,0.07777892,0.20854466,0.38079442
50.920000,-0.06658160,0.06658160,0.20832870,0.38054778
50.960000,-0.08029603,0.08029603,0.20810233,0.38031229
51.000000,-0.08081218,0.08081218,0.20787591,0.38007758
51.040000,-0.06253882,0.06253882,0.20766415,0.37982892
51.080000,-0.05954773,0.05954773,0.20745507,0.37957830
51.120000,-0.04511769,0.04511769,0.20725759,0.37931680
51.160000,-0.03437757,0.03437757,0.20706881,0.37904732
51.200000,-0.03745310,0.03745310,0.20687793,0.37878066
51.240000,-0.03640517,0.03640517,0.20668816,0.37851359
51.280000,-0.04530721,0.04530721,0.20649175,0.37825388
51.320000,-0.05781446,0.05781446,0.20628590,0.37800432
51.360000,-0.06211192,0.06211192,0.20607703,0.37775849
51.400000,-0.05718052,0.05718052,0.20587232,0.37750921
51.440000,-0.05552276,0.05552276,0.20566922,0.37725902
51.480000,-0.06797834,0.06797834,0.20545676,0.37701890
51.520000,-0.08502256,0.08502256,0.20523141,0.37679237
51.560000,-0.10013439,0.10013439,0.20499469,0.37657791
51.600000,-0.11928725,0.11928725,0.20474350,0.37637861
51.640000,-0.12258297,0.12258297,0.20449015,0.37618217
51.680000,-0.10350072,0.10350072,0.20425195,0.37597128
51.720000,-0.10213968,0.10213968,0.20401518,0.37575967
51.760000,-0.09641593,0.09641593,0.20378318,0.37554396
51.800000,-0.09527772,0.09527772,0.20355243,0.37532770
51.840000,-0.10347704,0.10347704,0.20331570,0.37511810
51.880000,-0.08905453,0.08905453,0.20309046,0.37489771
51.920000,-0.07765855,0.07765855,0.20287433,0.37466889
51.960000,-0.08028787,0.08028787,0.20265651,0.37444245
52.000000,-0.06973585,0.06973585,0.20244714,0.37420824
52.040000,-0.06085227,0.06085227,0.20224491,0.37396756
52.080000,-0.05116194,0.05116194,0.20205043,0.37371982
52.120000,-0.04337060,0.04337060,0.20186223,0.37346649
52.160000,-0.02327304,0.02327304,0.20168971,0.37319814
52.200000,-0.02991283,0.02991283,0.20151237,0.37293529
52.240000,-0.01574158,0.01574158,0.20134615,0.37266200
52.280000,-0.02465444,0.02465444,0.20117337,0.37239593
52.320000,-0.06949317,0.06949317,0.20096659,0.37216453
52.360000,-0.08734287,0.08734287,0.20074651,0.37194711
52.400000,-0.09674166,0.09674166,0.20051959,0.37173719
52.440000,-0.09715394,0.09715394,0.20029271,0.37152791
52.480000,-0.11118089,0.11118089,0.20005548,0.37132962
52.520000,-0.10727034,0.10727034,0.19982160,0.37112866
52.560000,-0.10795935,0.10795935,0.19958754,0.37092854
52.600000,-0.10088010,0.10088010,0.19935923,0.37072333
52.640000,-0.09001399,0.09001399,0.19913950,0.37051019
52.680000,-0.08656080,0.08656080,0.19892274,0.37029475
52.720000,-0.07539522,0.07539522,0.19871476,0.37007117
52.760000,-0.04249657,0.04249657,0.19853203,0.36982301
52.800000,-0.02699419,0.02699419,0.19836130,0.36956349
52.840000,-0.02154650,0.02154650,0.19819496,0.36930024
52.880000,-0.02079950,0.02079950,0.19802943,0.36903682
52.920000,-0.05268053,0.05268053,0.19784007,0.36879788
52.960000,-0.08183763,0.08183763,0.19762899,0.36858131
53.000000,-0.11396714,0.11396714,0.19739400,0.36838929
53.040000,-0.13071101,0.13071101,0.19714675,0.36821018
53.080000,-0.13928092,0.13928092,0.19689342,0.36803779
53.120000,-0.13020454,0.13020454,0.19664729,0.36785884
53.160000,-0.12963363,0.12963363,0.19640197,0.36767972
53.200000,-0.12089992,0.12089992,0.19616358,0.36749431
53.240000,-0.09131159,0.09131159,0.19594775,0.36728697
53.280000,-0.07346826,0.07346826,0.19574564,0.36706655
53.320000,-0.07478014,0.07478014,0.19554285,0.36684744
53.360000,-0.06334760,0.06334760,0.19534892,0.36662010
53.400000,-0.06927889,0.06927889,0.19515085,0.36639754
53.440000,-0.08691429,0.08691429,0.19493988,0.36618850
53.480000,-0.10306105,0.10306105,0.19471716,0.36599185
53.520000,-0.11196371,0.11196371,0.19448812,0.36580213
53.560000,-0.10098559,0.10098559,0.19426762,0.36560451
53.600000,-0.09894468,0.09894468,0.19404897,0.36540565
53.640000,-0.10343234,0.10343234,0.19382730,0.36521044
53.680000,-0.10366488,0.10366488,0.19360578,0.36501570
53.720000,-0.11044940,0.11044940,0.19337955,0.36482629
53.760000,-0.08424798,0.08424798,0.19317314,0.36461768
53.800000,-0.03394676,0.03394676,0.19300440,0.36437201
53.840000,-0.02083194,0.02083194,0.19284565,0.36411697
53.880000,-0.03295525,0.03295525,0.19267814,0.36387130
53.920000,-0.02836642,0.02836642,0.19251428,0.36362259
53.960000,-0.03596912,0.03596912,0.19234504,0.36337989
54.000000,-0.04329694,0.04329694,0.19217062,0.36314296
54.040000,-0.05456922,0.05456922,0.19198812,0.36291473
54.080000,-0.07035294,0.07035294,0.19179422,0.36269850
54.120000,-0.06011855,0.06011855,0.19160817,0.36247503
54.160000,-0.06090979,0.06090979,0.19142181,0.36225247
54.200000,-0.07096142,0.07096142,0.19122831,0.36203765
54.240000,-0.08460372,0.08460372,0.19102505,0.36183321
54.280000,-0.09603056,0.09603056,0.19081366,0.36163747
54.320000,-0.09909509,0.09909509,0.19060034,0.36144429
54.360000,-0.10589912,0.10589912,0.19038233,0.36125639
54.400000,-0.10559752,0.10559752,0.19016485,0.36106854
54.440000,-0.07334915,0.07334915,0.18997138,0.36085729
54.480000,-0.04390985,0.04390985,0.18979978,0.36062475
54.520000,-0.02244668,0.02244668,0.18964418,0.36037682
54.560000,-0.01286567,0.01286567,0.18949582,0.36012224
54.600000,-0.00132044,0.00132044,0.18935613,0.35985957
54.640000,-0.01307599,0.01307599,0.18920804,0.35960589
54.680000,-0.02709532,0.02709532,0.18904993,0.35936283
54.720000,-0.04349680,0.04349680,0.18888006,0.35913210
54.760000,-0.06210999,0.06210999,0.18869686,0.35891529
54.800000,-0.08351907,0.08351907,0.18849830,0.35871442
54.840000,-0.09612921,0.09612921,0.18829085,0.35852303
54.880000,-0.12108278,0.12108278,0.18806552,0.35835010
54.920000,-0.13480586,0.13480586,0.18783054,0.35818740
54.960000,-0.12634343,0.12634343,0.18760205,0.35801879
55.000000,-0.12211848,0.12211848,0.18737696,0.35784735
55.040000,-0.13293982,0.13293982,0.18714434,0.35768402
55.080000,-0.14595981,0.14595981,0.18690261,0.35753037
55.120000,-0.15049212,0.15049212,0.18665794,0.35738023
55.160000,-0.14570964,0.14570964,0.18641710,0.35722685
55.200000,-0.13394605,0.13394605,0.18618512,0.35706517
55.240000,-0.12722342,0.12722342,0.18595834,0.35689886
55.280000,-0.10970120,0.10970120,0.18574456,0.35672012
55.320000,-0.09596395,0.09596395,0.18554101,0.35653171
55.360000,-0.10121997,0.10121997,0.18533396,0.35634737
55.400000,-0.10514616,0.10514616,0.18512438,0.35616613
55.440000,-0.08100233,0.08100233,0.18493251,0.35596774
55.480000,-0.07818015,0.07818015,0.18474295,0.35576760
55.520000,-0.08310837,0.08310837,0.18455011,0.35557131
55.560000,-0.09391710,0.09391710,0.18434977,0.35538307
55.600000,-0.07525262,0.07525262,0.18416314,0.35518168
55.640000,-0.04890668,0.04890668,0.18399571,0.35496165
55.680000,-0.02160580,0.02160580,0.18384811,0.35472234
55.720000,-0.01003840,0.01003840,0.18370903,0.35447508
55.760000,-0.00315642,0.00315642,0.18357507,0.35422324
55.800000,-0.00290618,0.00290618,0.18344149,0.35397158
55.840000,-0.01729327,0.01729327,0.18329780,0.35373058
55.880000,-0.03001065,0.03001065,0.18314522,0.35349902
55.920000,-0.03226681,0.03226681,0.18299124,0.35326940
55.960000,-0.01864201,0.01864201,0.18284722,0.35303039
56.000000,-0.02803487,0.02803487,0.18269670,0.35279841
56.040000,-0.03129149,0.03129149,0.18254407,0.35256909
56.080000,-0.03184510,0.03184510,0.18239126,0.35234049
56.120000,-0.04879515,0.04879515,0.18222660,0.35212429
56.160000,-0.08686993,0.08686993,0.18203507,0.35193550
56.200000,-0.10311336,0.10311336,0.18183226,0.35175853
56.240000,-0.12730765,0.12730765,0.18161254,0.35159900
56.280000,-0.13540586,0.13540586,0.18138739,0.35144546
56.320000,-0.13861013,0.13861013,0.18116028,0.35129440
56.360000,-0.14347659,0.14347659,0.18093004,0.35114701
56.400000,-0.15617048,0.15617048,0.18069113,0.35100883
56.440000,-0.16752982,0.16752982,0.18044452,0.35087889
56.480000,-0.18717980,0.18717980,0.18018434,0.35076304
56.520000,-0.18959680,0.18959680,0.17992283,0.35064906
56.560000,-0.18513794,0.18513794,0.17966484,0.35053209
56.600000,-0.16266948,0.16266948,0.17942307,0.35039942
56.640000,-0.13428375,0.13428375,0.17920169,0.35024690
56.680000,-0.12304784,0.12304784,0.17898853,0.35008668
56.720000,-0.12438567,0.12438567,0.17877474,0.34992762
56.760000,-0.10900461,0.10900461,0.17857208,0.34975795
56.800000,-0.11927065,0.11927065,0.17836248,0.34959575
56.840000,-0.10760416,0.10760416,0.17816138,0.34942558
56.880000,-0.10325872,0.10325872,0.17796361,0.34925259
56.920000,-0.09603501,0.09603501,0.17777120,0.34907476
56.960000,-0.09493355,0.09493355,0.17757982,0.34889642
57.000000,-0.09688298,0.09688298,0.17738735,0.34871969
57.040000,-0.09855275,0.09855275,0.17719398,0.34854438
57.080000,-0.09553948,0.09553948,0.17700299,0.34836721
57.120000,-0.08412625,0.08412625,0.17682026,0.34818229
57.160000,-0.08565779,0.08565779,0.17663671,0.34799871
57.200000,-0.06888192,0.06888192,0.17646513,0.34780366
57.240000,-0.05126376,0.05126376,0.17630611,0.34759658
57.280000,-0.06411698,0.06411698,0.17613833,0.34739876
57.320000,-0.07513167,0.07513167,0.17596311,0.34720889
57.360000,-0.09185440,0.09185440,0.17577647,0.34703094
57.400000,-0.08704693,0.08704693,0.17559345,0.34684990
57.440000,-0.04034884,0.04034884,0.17544318,0.34663661
57.480000,-0.01411656,0.01411656,0.17531135,0.34640537
57.520000,0.00698887,0.00698887,0.17519438,0.34616950
57.560000,0.01084813,0.01084813,0.17508025,0.34593664
57.600000,0.02684909,0.02684909,0.17497739,0.34571520
57.640000,0.03312502,0.03312502,0.17487901,0.34549843
57.680000,0.02959051,0.02959051,0.17477833,0.34527950
57.720000,0.02031983,0.02031983,0.17467136,0.34505446
57.760000,0.00272657,0.00272657,0.17455237,0.34481755
57.800000,-0.00482953,0.00482953,0.17442832,0.34458243
57.840000,-0.01527071,0.01527071,0.17429722,0.34435485
57.880000,-0.02828962,0.02828962,0.17415731,0.34413657
57.920000,-0.04324854,0.04324854,0.17400727,0.34392892
57.960000,-0.05346477,0.05346477,0.17385040,0.34372860
58.000000,-0.04908864,0.04908864,0.17369675,0.34352554
58.040000,-0.05421921,0.05421921,0.17353978,0.34332629
58.080000,-0.04364086,0.04364086,0.17339031,0.34312004
58.120000,-0.00980123,0.00980123,0.17326432,0.34289080
58.160000,0.00308883,0.00308883,0.17314736,0.34265726
58.200000,0.02146803,0.02146803,0.17304319,0.34243666
58.240000,0.01130807,0.01130807,0.17293218,0.34220939
58.280000,-0.01559081,0.01559081,0.17280288,0.34198537
58.320000,-0.04041449,0.04041449,0.17265674,0.34177868
58.360000,-0.05348025,0.05348025,0.17250185,0.34158121
58.400000,-0.06126875,0.06126875,0.17234184,0.34138935
58.440000,-0.06585902,0.06585902,0.17217892,0.34120089
58.480000,-0.05826996,0.05826996,0.17202140,0.34100750
58.520000,-0.04568101,0.04568101,0.17187269,0.34080577
58.560000,-0.03594672,0.03594672,0.17173084,0.34059768
58.600000,-0.03656157,0.03656157,0.17158876,0.34039028
58.640000,-0.04361458,0.04361458,0.17144206,0.34018798
58.680000,-0.06290277,0.06290277,0.17128242,0.33999910
58.720000,-0.05696314,0.05696314,0.17112705,0.33980642
58.760000,-0.05288853,0.05288853,0.17097466,0.33961124
58.800000,-0.05907959,0.05907959,0.17081826,0.33942053
58.840000,-0.04409687,0.04409687,0.17067226,0.33921991
58.880000,-0.05047752,0.05047752,0.17052213,0.33902388
58.920000,-0.05466589,0.05466589,0.17036935,0.33883097
58.960000,-0.04916353,0.04916353,0.17022052,0.33863458
59.000000,-0.02642382,0.02642382,0.17008729,0.33842306
59.040000,-0.03106128,0.03106128,0.16995110,0.33821496
59.080000,-0.03904346,0.03904346,0.16980970,0.33801254
59.120000,-0.03809985,0.03809985,0.16966912,0.33780976
59.160000,-0.04870426,0.04870426,0.16952157,0.33761442
59.200000,-0.03873692,0.03873692,0.16938095,0.33741261
59.240000,-0.02025831,0.02025831,0.16925299,0.33719861
59.280000,0.00575366,0.00575366,0.16914274,0.33697511
59.320000,0.01180057,0.01180057,0.16903672,0.33675599
59.360000,0.01625565,0.01625565,0.16893384,0.33654017
59.400000,0.01985326,0.01985326,0.16883351,0.33632705
59.440000,0.00725749,0.00725749,0.16872485,0.33610576
59.480000,-0.01472239,0.01472239,0.16860157,0.33588977
59.520000,-0.01602861,0.01602861,0.16847757,0.33567496
59.560000,-0.00103087,0.00103087,0.16836381,0.33545036
59.600000,0.00949594,0.00949594,0.16825726,0.33523175
59.640000,0.00670362,0.00670362,0.16814898,0.33501155
59.680000,0.01507442,0.01507442,0.16804645,0.33479726
59.720000,0.04252873,0.04252873,0.16796243,0.33460163
59.760000,0.03664290,0.03664290,0.16787460,0.33440233
59.800000,0.02748338,0.02748338,0.16778075,0.33419717
59.840000,0.01745051,0.01745051,0.16768033,0.33398558
59.880000,0.00638293,0.00638293,0.16757265,0.33376689
59.920000,0.00937885,0.00937885,0.16746712,0.33355049
59.960000,0.00473932,0.00473932,0.16735864,0.33333128
60.000000,0.00595312,0.00595312,0.16725110,0.33311317
60.040000,0.02237273,0.02237273,0.16715465,0.33290629
60.080000,0.01447641,0.01447641,0.16705307,0.33269443
60.120000,0.01586531,0.01586531,0.16695254,0.33248377
60.160000,0.01191236,0.01191236,0.16684952,0.33227076
60.200000,0.02005858,0.02005858,0.16675205,0.33206345
60.240000,0.01805878,0.01805878,0.16665339,0.33185509
60.280000,0.02446046,0.02446046,0.16655909,0.33165125
60.320000,0.02835638,0.02835638,0.16646751,0.33145025
60.360000,0.04020424,0.04020424,0.16638389,0.33125738
60.400000,0.05357439,0.05357439,0.16630923,0.33107360
60.440000,0.04314097,0.04314097,0.16622777,0.33088317
60.480000,0.04204411,0.04204411,0.16614569,0.33069227
60.520000,0.04619852,0.04619852,0.16606647,0.33050436
60.560000,0.04829088,0.04829088,0.16598873,0.33031808
60.600000,0.06694072,0.06694072,0.16592339,0.33014435
60.640000,0.07285110,0.07285110,0.16586204,0.32997474
60.680000,0.07335534,0.07335534,0.16580110,0.32980569
60.720000,0.07600642,0.07600642,0.16574199,0.32963861
60.760000,0.04619643,0.04619643,0.16566334,0.32945213
60.800000,0.01166506,0.01166506,0.16556209,0.32924320
60.840000,-0.00791560,0.00791560,0.16544811,0.32903208
60.880000,-0.03249660,0.03249660,0.16531814,0.32883737
60.920000,-0.04391433,0.04391433,0.16518085,0.32865041
60.960000,-0.02270500,0.02270500,0.16505764,0.32844979
61.000000,0.01290352,0.01290352,0.16495794,0.32824301
61.040000,0.03483762,0.03483762,0.16487272,0.32805087
61.080000,0.06060909,0.06060909,0.16480449,0.32787584
61.120000,0.07472791,0.07472791,0.16474557,0.32771028
61.160000,0.05670186,0.05670186,0.16467496,0.32753315
61.200000,0.06280199,0.06280199,0.16460842,0.32736023
61.240000,0.03672019,0.03672019,0.16452494,0.32717052
61.280000,0.03905578,0.03905578,0.16444309,0.32698258
61.320000,0.06799580,0.06799580,0.16438022,0.32681375
61.360000,0.07347752,0.07347752,0.16432100,0.32664871
61.400000,0.07061302,0.07061302,0.16425999,0.32648202
61.440000,0.06420044,0.06420044,0.16419489,0.32631137
61.480000,0.05273332,0.05273332,0.16412242,0.32613349
61.520000,0.06225772,0.06225772,0.16405623,0.32596203
61.560000,0.07852599,0.07852599,0.16400069,0.32580136
61.600000,0.08546763,0.08546763,0.16394973,0.32564540
61.640000,0.09292765,0.09292765,0.16390367,0.32549448
61.680000,0.10673150,0.10673150,0.16386662,0.32535270
61.720000,0.10633881,0.10633881,0.16382936,0.32521086
61.760000,0.10883152,0.10883152,0.16379376,0.32507080
61.800000,0.10169355,0.10169355,0.16375359,0.32492632
61.840000,0.11777481,0.11777481,0.16372387,0.32479241
61.880000,0.15275265,0.15275265,0.16371679,0.32468128
61.920000,0.18424813,0.18424813,0.16373004,0.32459061
61.960000,0.17994119,0.17994119,0.16374050,0.32449729
62.000000,0.18452152,0.18452152,0.16375390,0.32440704
62.040000,0.19328734,0.19328734,0.16377293,0.32432256
62.080000,0.19461556,0.19461556,0.16379279,0.32423904
62.120000,0.19140119,0.19140119,0.16381055,0.32415356
62.160000,0.19117399,0.19117399,0.16382815,0.32406804
62.200000,0.18758047,0.18758047,0.16384342,0.32398032
62.240000,0.18255292,0.18255292,0.16385543,0.32388949
62.280000,0.16383278,0.16383278,0.16385542,0.32378676
62.320000,0.17235282,0.17235282,0.16386087,0.32368962
62.360000,0.20711511,0.20711511,0.16388860,0.32361490
62.400000,0.22695212,0.22695212,0.16392899,0.32355297
62.440000,0.23126810,0.23126810,0.16397211,0.32349389
62.480000,0.23477198,0.23477198,0.16401740,0.32343713
62.520000,0.21838575,0.21838575,0.16405217,0.32336996
62.560000,0.21499908,0.21499908,0.16408472,0.32330071
62.600000,0.21383263,0.21383263,0.16411649,0.32323081
62.640000,0.22364188,0.22364188,0.16415447,0.32316726
62.680000,0.22369020,0.22369020,0.16419244,0.32310381
62.720000,0.23523569,0.23523569,0.16423772,0.32304781
62.760000,0.24440910,0.24440910,0.16428879,0.32299772
62.800000,0.26900003,0.26900003,0.16435544,0.32296335
62.840000,0.25946816,0.25946816,0.16441594,0.32292296
62.880000,0.24622270,0.24622270,0.16446795,0.32287420
62.920000,0.23257997,0.23257997,0.16451122,0.32281683
62.960000,0.21402019,0.21402019,0.16454266,0.32274776
63.000000,0.21945002,0.21945002,0.16457750,0.32268221
63.040000,0.23283124,0.23283124,0.16462078,0.32262524
63.080000,0.23055550,0.23055550,0.16466256,0.32256689
63.120000,0.24826381,0.24826381,0.16471551,0.32251983
63.160000,0.27037328,0.27037328,0.16478238,0.32248683
63.200000,0.27410149,0.27410149,0.16485153,0.32245622
63.240000,0.27388872,0.27388872,0.16492045,0.32242552
63.280000,0.28397633,0.28397633,0.16499566,0.32240124
63.320000,0.26973517,0.26973517,0.16506178,0.32236799
63.360000,0.23754758,0.23754758,0.16510751,0.32231447
63.400000,0.19432568,0.19432568,0.16512594,0.32223377
63.440000,0.17016287,0.17016287,0.16512911,0.32213795
63.480000,0.16001598,0.16001598,0.16512589,0.32203586
63.520000,0.15765188,0.15765188,0.16512119,0.32193241
63.560000,0.16878179,0.16878179,0.16512349,0.32183609
63.600000,0.18009263,0.18009263,0.16513290,0.32174699
63.640000,0.19306271,0.19306271,0.16515044,0.32166616
63.680000,0.19903790,0.19903790,0.16517171,0.32158918
63.720000,0.19443074,0.19443074,0.16519007,0.32150941
63.760000,0.19950711,0.19950711,0.16521159,0.32143292
63.800000,0.20013418,0.20013418,0.16523347,0.32135692
63.840000,0.20296037,0.20296037,0.16525709,0.32128278
63.880000,0.18415447,0.18415447,0.16526892,0.32119697
63.920000,0.17811939,0.17811939,0.16527695,0.32110749
63.960000,0.18012684,0.18012684,0.16528623,0.32101938
64.000000,0.17719578,0.17719578,0.16529367,0.32092954
64.040000,0.18872051,0.18872051,0.16530830,0.32084702
64.080000,0.19345081,0.19345081,0.16532585,0.32076754
64.120000,0.21350822,0.21350822,0.16535589,0.32070067
64.160000,0.22910521,0.22910521,0.16539561,0.32064360
64.200000,0.23607819,0.23607819,0.16543962,0.32059095
64.240000,0.23120511,0.23120511,0.16548055,0.32053532
64.280000,0.20535484,0.20535484,0.16550534,0.32046369
64.320000,0.18192204,0.18192204,0.16551555,0.32037759
64.360000,0.16653103,0.16653103,0.16551618,0.32028203
64.400000,0.14179758,0.14179758,0.16550145,0.32017124
64.440000,0.13815192,0.13815192,0.16548449,0.32005833
64.480000,0.13149705,0.13149705,0.16546342,0.31994143
64.520000,0.14352717,0.14352717,0.16544983,0.31983212
64.560000,0.15567120,0.15567120,0.16544377,0.31973048
64.600000,0.16568781,0.16568781,0.16544392,0.31963515
64.640000,0.17671400,0.17671400,0.16545089,0.31954677
64.680000,0.19135321,0.19135321,0.16546690,0.31946754
64.720000,0.18839229,0.18839229,0.16548106,0.31938658
64.760000,0.17696777,0.17696777,0.16548815,0.31929866
64.800000,0.15136543,0.15136543,0.16547944,0.31919506
64.840000,0.14554193,0.14554193,0.16546715,0.31908800
64.880000,0.14123183,0.14123183,0.16545221,0.31897842
64.920000,0.14741788,0.14741788,0.16544111,0.31887278
64.960000,0.15233700,0.15233700,0.16543305,0.31877029
65.000000,0.15039302,0.15039302,0.16542380,0.31866674
65.040000,0.13108670,0.13108670,0.16540269,0.31855145
65.080000,0.12625438,0.12625438,0.16537864,0.31843333
65.120000,0.12649654,0.12649654,0.16535478,0.31831551
65.160000,0.13239040,0.13239040,0.16533455,0.31820144
65.200000,0.14728858,0.14728858,0.16532349,0.31809665
65.240000,0.14863376,0.14863376,0.16531326,0.31799281
65.280000,0.14338396,0.14338396,0.16529983,0.31788589
65.320000,0.13718626,0.13718626,0.16528263,0.31777530
65.360000,0.12997709,0.12997709,0.16526103,0.31766044
65.400000,0.11394042,0.11394042,0.16522966,0.31753592
65.440000,0.09329980,0.09329980,0.16518572,0.31739894
65.480000,0.08119072,0.08119072,0.16513445,0.31725473
65.520000,0.08920838,0.08920838,0.16508812,0.31711559
65.560000,0.09642500,0.09642500,0.16504625,0.31698103
65.600000,0.09563222,0.09563222,0.16500395,0.31684614
65.640000,0.10401925,0.10401925,0.16496681,0.31671653
65.680000,0.10324050,0.10324050,0.16492924,0.31658659
65.720000,0.09960012,0.09960012,0.16488951,0.31645461
65.760000,0.10783609,0.10783609,0.16485482,0.31632779
65.800000,0.10137638,0.10137638,0.16481626,0.31619720
65.840000,0.08054212,0.08054212,0.16476509,0.31605412
65.880000,0.09143923,0.09143923,0.16472059,0.31591782
65.920000,0.09826966,0.09826966,0.16468030,0.31578583
65.960000,0.10942564,0.10942564,0.16464681,0.31566077
66.000000,0.10535309,0.10535309,0.16461090,0.31553338
66.040000,0.08890949,0.08890949,0.16456507,0.31539620
66.080000,0.07942408,0.07942408,0.16451356,0.31525345
66.120000,0.05687405,0.05687405,0.16444849,0.31509723
66.160000,0.05252613,0.05252613,0.16438086,0.31493858
66.200000,0.02192275,0.02192275,0.16429483,0.31476164
66.240000,-0.00380558,0.00380558,0.16419339,0.31457398
66.280000,0.02059675,0.02059675,0.16410678,0.31439667
66.320000,0.04049610,0.04049610,0.16403227,0.31423157
66.360000,0.05094289,0.05094289,0.16396414,0.31407296
66.400000,0.07501817,0.07501817,0.16391059,0.31392904
66.440000,0.07726591,0.07726591,0.16385846,0.31378664
66.480000,0.10039016,0.10039016,0.16382029,0.31365832
66.520000,0.11360188,0.11360188,0.16379012,0.31353810
66.560000,0.11120719,0.11120719,0.16375853,0.31341658
66.600000,0.11196550,0.11196550,0.16372745,0.31329566
66.640000,0.11700026,0.11700026,0.16369941,0.31317790
66.680000,0.10740710,0.10740710,0.16366567,0.31305454
66.720000,0.10433925,0.10433925,0.16363012,0.31292949
66.760000,0.09280879,0.09280879,0.16358771,0.31279768
66.800000,0.08896968,0.08896968,0.16354306,0.31266373
66.840000,0.09115131,0.09115131,0.16349976,0.31253124
66.880000,0.07700006,0.07700006,0.16344806,0.31239046
66.920000,0.09335668,0.09335668,0.16340619,0.31225962
66.960000,0.09322191,0.09322191,0.16336429,0.31212885
67.000000,0.08790466,0.08790466,0.16331926,0.31199506
67.040000,0.06999713,0.06999713,0.16326361,0.31185076
67.080000,0.04492030,0.04492030,0.16319309,0.31169168
67.120000,0.05191121,0.05191121,0.16312681,0.31153696
67.160000,0.06624378,0.06624378,0.16306914,0.31139095
67.200000,0.07209428,0.07209428,0.16301502,0.31124860
67.240000,0.07513254,0.07513254,0.16296277,0.31110822
67.280000,0.07105285,0.07105285,0.16290816,0.31096558
67.320000,0.06891583,0.06891583,0.16285235,0.31082185
67.360000,0.05139492,0.05139492,0.16278620,0.31066789
67.400000,0.02776663,0.02776663,0.16270612,0.31050009
67.440000,0.01817746,0.01817746,0.16262045,0.31032681
67.480000,0.02357735,0.02357735,0.16253807,0.31015694
67.520000,0.02099721,0.02099721,0.16245427,0.30998573
67.560000,0.00069106,0.00069106,0.16235855,0.30980272
67.600000,0.00159900,0.00159900,0.16226349,0.30962046
67.640000,-0.01151246,0.01151246,0.16216078,0.30944427
67.680000,-0.02817823,0.02817823,0.16204835,0.30927814
67.720000,-0.03866450,0.03866450,0.16192987,0.30911839
67.760000,-0.04843955,0.04843955,0.16180576,0.30896460
67.800000,-0.04949693,0.04949693,0.16168117,0.30881161
67.840000,-0.05801370,0.05801370,0.16155171,0.30866382
67.880000,-0.04503134,0.04503134,0.16143005,0.30850856
67.920000,-0.03783957,0.03783957,0.16131276,0.30834925
67.960000,-0.03224409,0.03224409,0.16119890,0.30818683
68.000000,-0.04754735,0.04754735,0.16107618,0.30803361
68.040000,-0.05569273,0.05569273,0.16094882,0.30788534
68.080000,-0.04610944,0.04610944,0.16082724,0.30773163
68.120000,-0.04794999,0.04794999,0.16070472,0.30757918
68.160000,-0.05491266,0.05491266,0.16057825,0.30743098
68.200000,-0.03557555,0.03557555,0.16046328,0.30727163
68.240000,-0.02641076,0.02641076,0.16035380,0.30710710
68.280000,-0.01740817,0.01740817,0.16024972,0.30693748
68.320000,-0.01864365,0.01864365,0.16014505,0.30676879
68.360000,-0.01396760,0.01396760,0.16004323,0.30659756
68.400000,0.00377788,0.00377788,0.15995190,0.30642058
68.440000,0.03761114,0.03761114,0.15988044,0.30626356
68.480000,0.06621449,0.06621449,0.15982576,0.30612343
68.520000,0.07340230,0.07340230,0.15977533,0.30598765
68.560000,0.06136430,0.06136430,0.15971795,0.30584502
68.600000,0.04045097,0.04045097,0.15964845,0.30569036
68.640000,0.02030946,0.02030946,0.15956730,0.30552415
68.680000,-0.00066947,0.00066947,0.15947403,0.30534670
68.720000,-0.02329066,0.02329066,0.15936771,0.30518262
68.760000,-0.02211062,0.02211062,0.15926220,0.30501804
68.800000,-0.04383417,0.04383417,0.15914419,0.30486628
68.840000,-0.05439407,0.05439407,0.15902018,0.30472083
68.880000,-0.03285536,0.03285536,0.15890882,0.30456304
68.920000,-0.00976833,0.00976833,0.15881098,0.30439205
68.960000,-0.00478886,0.00478886,0.15871614,0.30421836
69.000000,-0.00253304,0.00253304,0.15862271,0.30404357
69.040000,0.00229283,0.00229283,0.15853219,0.30386885
69.080000,0.01949220,0.01949220,0.15845173,0.30370428
69.120000,-0.00083429,0.00083429,0.15835960,0.30352911
69.160000,-0.01570246,0.01570246,0.15825899,0.30336273
69.200000,-0.01967548,0.01967548,0.15815620,0.30319885
69.240000,-0.03436587,0.03436587,0.15804504,0.30304363
69.280000,-0.04969392,0.04969392,0.15792517,0.30289744
69.320000,-0.03792036,0.03792036,0.15781222,0.30274463
69.360000,-0.03937431,0.03937431,0.15769857,0.30259283
69.400000,-0.03909522,0.03909522,0.15758521,0.30244105
69.440000,-0.01761801,0.01761801,0.15748435,0.30227707
69.480000,-0.00881407,0.00881407,0.15738866,0.30210822
69.520000,-0.01804356,0.01804356,0.15728778,0.30194487
69.560000,-0.02112544,0.02112544,0.15718524,0.30178348
69.600000,-0.02094262,0.02094262,0.15708293,0.30162217
69.640000,-0.02311514,0.02311514,0.15697949,0.30146229
69.680000,-0.03403226,0.03403226,0.15686990,0.30130886
69.720000,-0.04168429,0.04168429,0.15675605,0.30115999
69.760000,-0.03243222,0.03243222,0.15664763,0.30100600
69.800000,-0.04132276,0.04132276,0.15653425,0.30085727
69.840000,-0.03744291,0.03744291,0.15642321,0.30070648
69.880000,-0.04606381,0.04606381,0.15630737,0.30056081
69.920000,-0.05509308,0.05509308,0.15618650,0.30042046
69.960000,-0.07004406,0.07004406,0.15605723,0.30028882
70.000000,-0.07896069,0.07896069,0.15592301,0.30016242
70.040000,-0.09184799,0.09184799,0.15578159,0.30004352
70.080000,-0.09360110,0.09360110,0.15563933,0.29992575
70.120000,-0.09680917,0.09680917,0.15549540,0.29980995
70.160000,-0.11750070,0.11750070,0.15533985,0.29970607
70.200000,-0.12890601,0.12890601,0.15517798,0.29960880
70.240000,-0.13718087,0.13718087,0.15501158,0.29951636
70.280000,-0.12000256,0.12000256,0.15485514,0.29941424
70.320000,-0.09696033,0.09696033,0.15471199,0.29929915
70.360000,-0.07526650,0.07526650,0.15458132,0.29917186
70.400000,-0.06008424,0.06008424,0.15445942,0.29903609
70.440000,-0.05116670,0.05116670,0.15434272,0.29889541
70.480000,-0.03279673,0.03279673,0.15423657,0.29874448
70.520000,-0.01640733,0.01640733,0.15413983,0.29858442
70.560000,-0.02388899,0.02388899,0.15403896,0.29842879
70.600000,-0.02379620,0.02379620,0.15393826,0.29827328
70.640000,-0.03035136,0.03035136,0.15383397,0.29812165
70.680000,-0.02462390,0.02462390,0.15373303,0.29796696
70.720000,-0.02796737,0.02796737,0.15363032,0.29781433
70.760000,-0.03703404,0.03703404,0.15352260,0.29766700
70.800000,-0.05941304,0.05941304,0.15340236,0.29753247
70.840000,-0.08131760,0.08131760,0.15326990,0.29741045
70.880000,-0.09505427,0.09505427,0.15312984,0.29729632
70.920000,-0.10203979,0.10203979,0.15298601,0.29718625
70.960000,-0.09934954,0.09934954,0.15284385,0.29707479
71.000000,-0.09243192,0.09243192,0.15270574,0.29695957
71.040000,-0.07970268,0.07970268,0.15257495,0.29683731
71.080000,-0.06515229,0.06515229,0.15245250,0.29670700
71.120000,-0.06218611,0.06218611,0.15233184,0.29657517
71.160000,-0.08066901,0.08066901,0.15220095,0.29645388
71.200000,-0.07345843,0.07345843,0.15207424,0.29632867
71.240000,-0.07496503,0.07496503,0.15194683,0.29620445
71.280000,-0.08283265,0.08283265,0.15181516,0.29608478
71.320000,-0.09814814,0.09814814,0.15167504,0.29597382
71.360000,-0.10923681,0.10923681,0.15152887,0.29586921
71.400000,-0.10493463,0.10493463,0.15138528,0.29576230
71.440000,-0.09241946,0.09241946,0.15124885,0.29564851
71.480000,-0.07254974,0.07254974,0.15112368,0.29552374
71.520000,-0.06143368,0.06143368,0.15100487,0.29539289
71.560000,-0.05578759,0.05578759,0.15088934,0.29525903
71.600000,-0.03509156,0.03509156,0.15078550,0.29511377
71.640000,-0.03159729,0.03159729,0.15068372,0.29496672
71.680000,-0.03120029,0.03120029,0.15058228,0.29481961
71.720000,-0.02854302,0.02854302,0.15048243,0.29467118
71.760000,-0.03783443,0.03783443,0.15037752,0.29452810
71.800000,-0.02643162,0.02643162,0.15027907,0.29437882
71.840000,-0.02584546,0.02584546,0.15018106,0.29422939
71.880000,-0.02371126,0.02371126,0.15008435,0.29407893
71.920000,-0.02310018,0.02310018,0.14998808,0.29392830
71.960000,-0.02505127,0.02505127,0.14989084,0.29377893
72.000000,-0.02949025,0.02949025,0.14979124,0.29363218
72.040000,-0.03534310,0.03534310,0.14968850,0.29348885
72.080000,-0.01827655,0.01827655,0.14959534,0.29333621
72.120000,0.00776872,0.00776872,0.14951672,0.29317791
72.160000,0.04523240,0.04523240,0.14945895,0.29304054
72.200000,0.05490286,0.05490286,0.14940659,0.29290869
72.240000,0.05680989,0.05680989,0.14935535,0.29277803
72.280000,0.05794455,0.05794455,0.14930479,0.29264814
72.320000,0.06222369,0.06222369,0.14925665,0.29252076
72.360000,0.07154881,0.07154881,0.14921372,0.29239868
72.400000,0.07604825,0.07604825,0.14917332,0.29227922
72.440000,0.07441881,0.07441881,0.14913206,0.29215898
72.480000,0.06256993,0.06256993,0.14908432,0.29203235
72.520000,0.05503819,0.05503819,0.14903247,0.29190170
72.560000,0.06052410,0.06052410,0.14898371,0.29177422
72.600000,0.07498140,0.07498140,0.14894296,0.29165484
72.640000,0.09887087,0.09887087,0.14891540,0.29154874
72.680000,0.10284687,0.10284687,0.14889006,0.29144495
72.720000,0.09239792,0.09239792,0.14885900,0.29133552
72.760000,0.07103119,0.07103119,0.14881624,0.29121447
72.800000,0.04886137,0.04886137,0.14876135,0.29108138
72.840000,0.05204545,0.05204545,0.14870827,0.29095019
72.880000,0.05700933,0.05700933,0.14865797,0.29082186
72.920000,0.06390701,0.06390701,0.14861150,0.29069746
72.960000,0.07377118,0.07377118,0.14857049,0.29057859
73.000000,0.06399353,0.06399353,0.14852418,0.29045451
73.040000,0.06832609,0.06832609,0.14848028,0.29033292
73.080000,0.07078854,0.07078854,0.14843778,0.29021282
73.120000,0.06053003,0.06053003,0.14838972,0.29008725
73.160000,0.04201131,0.04201131,0.14833159,0.28995169
73.200000,0.04893637,0.04893637,0.14827730,0.28982005
73.240000,0.08184604,0.08184604,0.14824104,0.28970653
73.280000,0.09104010,0.09104010,0.14820983,0.28959815
73.320000,0.08507584,0.08507584,0.14817541,0.28948663
73.360000,0.09489010,0.09489010,0.14814637,0.28938058
73.400000,0.10944438,0.10944438,0.14812529,0.28928258
73.440000,0.10965368,0.10965368,0.14810435,0.28918480
73.480000,0.12808070,0.12808070,0.14809345,0.28909714
73.520000,0.14135848,0.14135848,0.14808979,0.28901681
73.560000,0.13936844,0.13936844,0.14808505,0.28893548
73.600000,0.13859034,0.13859034,0.14807990,0.28885381
73.640000,0.13434601,0.13434601,0.14807244,0.28876993
73.680000,0.13664334,0.13664334,0.14806624,0.28868739
73.720000,0.12386329,0.12386329,0.14805311,0.28859800
73.760000,0.10199649,0.10199649,0.14802815,0.28849687
73.800000,0.07340813,0.07340813,0.14798773,0.28838035
73.840000,0.04875904,0.04875904,0.14793400,0.28825061
73.880000,0.01964339,0.01964339,0.14786458,0.28810526
73.920000,0.00538742,0.00538742,0.14778753,0.28795236
73.960000,-0.00774087,0.00774087,0.14770346,0.28780090
74.000000,-0.00666082,0.00666082,0.14762006,0.28764901
74.040000,-0.01344139,0.01344139,0.14753309,0.28750095
74.080000,-0.00341964,0.00341964,0.14745163,0.28734764
74.120000,0.00917372,0.00917372,0.14737705,0.28719760
74.160000,0.02494807,0.02494807,0.14731105,0.28705623
74.200000,0.03913675,0.03913675,0.14725276,0.28692265
74.240000,0.04191579,0.04191579,0.14719604,0.28679071
74.280000,0.04461565,0.04461565,0.14714083,0.28666037
74.320000,0.04632445,0.04632445,0.14708660,0.28653109
74.360000,0.04739763,0.04739763,0.14703300,0.28640252
74.400000,0.05719741,0.05719741,0.14698473,0.28627936
74.440000,0.06160942,0.06160942,0.14693888,0.28615870
74.480000,0.07221930,0.07221930,0.14689877,0.28604386
74.520000,0.10674266,0.10674266,0.14687723,0.28594767
74.560000,0.12218918,0.12218918,0.14686399,0.28585986
74.600000,0.14211641,0.14211641,0.14686145,0.28578283
74.640000,0.16371992,0.16371992,0.14687048,0.28571745
74.680000,0.18163247,0.18163247,0.14688908,0.28566173
74.720000,0.17674637,0.17674637,0.14690506,0.28560346
74.760000,0.13235603,0.13235603,0.14689728,0.28552151
74.800000,0.10889821,0.10889821,0.14687697,0.28542711
74.840000,0.09933059,0.09933059,0.14685157,0.28532770
74.880000,0.08422235,0.08422235,0.14681813,0.28522033
74.920000,0.07793238,0.07793238,0.14678137,0.28510971
74.960000,0.08113407,0.08113407,0.14674636,0.28500093
75.000000,0.08149876,0.08149876,0.14671158,0.28489245
75.040000,0.09585253,0.09585253,0.14668449,0.28479174
75.080000,0.12032371,0.12032371,0.14667045,0.28470416
75.120000,0.13503385,0.13503385,0.14666426,0.28462451
75.160000,0.13451940,0.13451940,0.14665780,0.28454466
75.200000,0.13213693,0.13213693,0.14665008,0.28446364
75.240000,0.12491026,0.12491026,0.14663853,0.28437886
75.280000,0.12318856,0.12318856,0.14662607,0.28429326
75.320000,0.13240152,0.13240152,0.14661852,0.28421263
75.360000,0.13029719,0.13029719,0.14660986,0.28413098
75.400000,0.12334754,0.12334754,0.14659753,0.28404573
75.440000,0.12048033,0.12048033,0.14658369,0.28395905
75.480000,0.10326728,0.10326728,0.14656075,0.28386334
75.520000,0.08628441,0.08628441,0.14652884,0.28375875
75.560000,0.07824845,0.07824845,0.14649271,0.28365001
75.600000,0.07240598,0.07240598,0.14645353,0.28353830
75.640000,0.07028331,0.07028331,0.14641327,0.28342559
75.680000,0.07293985,0.07293985,0.14637446,0.28331440
75.720000,0.07209898,0.07209898,0.14633524,0.28320288
75.760000,0.08659698,0.08659698,0.14630372,0.28309913
75.800000,0.10630029,0.10630029,0.14628262,0.28300588
75.840000,0.13035907,0.13035907,0.14627423,0.28292541
75.880000,0.13715332,0.13715332,0.14626942,0.28284861
75.920000,0.11866475,0.11866475,0.14625488,0.28276215
75.960000,0.09809209,0.09809209,0.14622953,0.28266496
76.000000,0.09331744,0.09331744,0.14620170,0.28256535
76.040000,0.09999172,0.09999172,0.14617741,0.28246936
76.080000,0.10417843,0.10417843,0.14615534,0.28237568
76.120000,0.12625486,0.12625486,0.14614488,0.28229368
76.160000,0.15416143,0.15416143,0.14614909,0.28222642
76.200000,0.16680284,0.16680284,0.14615993,0.28216586
76.240000,0.16711518,0.16711518,0.14617092,0.28210553
76.280000,0.18271875,0.18271875,0.14619007,0.28205344
76.320000,0.19120777,0.19120777,0.14621365,0.28200585
76.360000,0.19538079,0.19538079,0.14623940,0.28196050
76.400000,0.17355162,0.17355162,0.14625369,0.28190377
76.440000,0.16702546,0.16702546,0.14626455,0.28184369
76.480000,0.16847562,0.16847562,0.14627616,0.28178442
76.520000,0.17487036,0.17487036,0.14629110,0.28172857
76.560000,0.19286866,0.19286866,0.14631542,0.28168216
76.600000,0.19505560,0.19505560,0.14634086,0.28163695
76.640000,0.18642631,0.18642631,0.14636177,0.28158728
76.680000,0.17633383,0.17633383,0.14637740,0.28153241
76.720000,0.18252091,0.18252091,0.14639623,0.28148081
76.760000,0.18147589,0.18147589,0.14641450,0.28142873
76.800000,0.18913568,0.18913568,0.14643674,0.28138068
76.840000,0.18530462,0.18530462,0.14645697,0.28133070
76.880000,0.18614870,0.18614870,0.14647761,0.28128120
76.920000,0.16556521,0.16556521,0.14648753,0.28122106
76.960000,0.15653267,0.15653267,0.14649275,0.28115628
77.000000,0.16009541,0.16009541,0.14649981,0.28109343
77.040000,0.15917283,0.15917283,0.14650639,0.28103016
77.080000,0.14864292,0.14864292,0.14650749,0.28096149
77.120000,0.15843265,0.15843265,0.14651368,0.28089797
77.160000,0.18047041,0.18047041,0.14653127,0.28084594
77.200000,0.20371832,0.20371832,0.14656088,0.28080599
77.240000,0.23118742,0.23118742,0.14660469,0.28078031
77.280000,0.24096057,0.24096057,0.14665350,0.28075971
77.320000,0.24988664,0.24988664,0.14670688,0.28074375
77.360000,0.26224290,0.26224290,0.14676659,0.28073419
77.400000,0.27294582,0.27294582,0.14683176,0.28073016
77.440000,0.28943342,0.28943342,0.14690538,0.28073466
77.480000,0.30141722,0.30141722,0.14698511,0.28074533
77.520000,0.30124722,0.30124722,0.14706467,0.28075590
77.560000,0.29662589,0.29662589,0.14714176,0.28076408
77.600000,0.26646995,0.26646995,0.14720324,0.28075672
77.640000,0.27166478,0.27166478,0.14726733,0.28075204
77.680000,0.26813402,0.26813402,0.14732953,0.28074554
77.720000,0.25871762,0.25871762,0.14738683,0.28073421
77.760000,0.24434515,0.24434515,0.14743668,0.28071550
77.800000,0.22726464,0.22726464,0.14747770,0.28068804
77.840000,0.20794850,0.20794850,0.14750876,0.28065068
77.880000,0.17661958,0.17661958,0.14752371,0.28059727
77.920000,0.12896436,0.12896436,0.14751418,0.28051947
77.960000,0.10137759,0.10137759,0.14749052,0.28042760
78.000000,0.08929487,0.08929487,0.14746070,0.28032964
78.040000,0.08133345,0.08133345,0.14742682,0.28022769
78.080000,0.07199743,0.07199743,0.14738820,0.28012107
78.120000,0.06922307,0.06922307,0.14734819,0.28001314
78.160000,0.06861466,0.06861466,0.14730792,0.27990501
78.200000,0.06201315,0.06201315,0.14726431,0.27979361
78.240000,0.06331561,0.06331561,0.14722142,0.27968299
78.280000,0.07080377,0.07080377,0.14718239,0.27957631
78.320000,0.10241663,0.10241663,0.14715954,0.27948588
78.360000,0.12209813,0.12209813,0.14714675,0.27940558
78.400000,0.11434006,0.11434006,0.14713002,0.27932141
78.440000,0.11609151,0.11609151,0.14711420,0.27923821
78.480000,0.11379303,0.11379303,0.14709723,0.27915393
78.520000,0.10181264,0.10181264,0.14707417,0.27906363
78.560000,0.07443712,0.07443712,0.14703720,0.27895950
78.600000,0.06814330,0.06814330,0.14699708,0.27885227
78.640000,0.04123389,0.04123389,0.14694331,0.27873146
78.680000,0.02629926,0.02629926,0.14688200,0.27860320
78.720000,-0.00352638,0.00352638,0.14680562,0.27846349
78.760000,-0.00566612,0.00566612,0.14672822,0.27832502
78.800000,0.00472958,0.00472958,0.14665617,0.27818621
78.840000,0.01809743,0.01809743,0.14659098,0.27805432
78.880000,0.03603338,0.03603338,0.14653495,0.27793165
78.920000,0.05376836,0.05376836,0.14648795,0.27781809
78.960000,0.04893525,0.04893525,0.14643856,0.27770220
79.000000,0.05801792,0.05801792,0.14639381,0.27759102
79.040000,0.08203037,0.08203037,0.14636126,0.27749211
79.080000,0.08971345,0.08971345,0.14633262,0.27739717
79.120000,0.06845902,0.06845902,0.14629327,0.27729160
79.160000,0.04788728,0.04788728,0.14624357,0.27717573
79.200000,0.03159651,0.03159651,0.14618569,0.27705177
79.240000,0.02797861,0.02797861,0.14612605,0.27692610
79.280000,0.03848285,0.03848285,0.14607177,0.27680586
79.320000,0.04497944,0.04497944,0.14602082,0.27668901
79.360000,0.06622086,0.06622086,0.14598062,0.27658298
79.400000,0.10426958,0.10426958,0.14595961,0.27649621
79.440000,0.11679777,0.11679777,0.14594494,0.27641584
79.480000,0.13228294,0.13228294,0.14593806,0.27634334
79.520000,0.13176764,0.13176764,0.14593094,0.27627065
79.560000,0.12171412,0.12171412,0.14591877,0.27619299
79.600000,0.11082014,0.11082014,0.14590114,0.27610993
79.640000,0.09757871,0.09757871,0.14587688,0.27602030
79.680000,0.10016409,0.10016409,0.14585395,0.27593207
79.720000,0.11132296,0.11132296,0.14583663,0.27584951
79.760000,0.11649268,0.11649268,0.14582192,0.27576964
79.800000,0.11134545,0.11134545,0.14580465,0.27568726
79.840000,0.11036886,0.11036886,0.14578690,0.27560448
79.880000,0.12447518,0.12447518,0.14577624,0.27552884
79.920000,0.13533717,0.13533717,0.14577101,0.27545870
79.960000,0.12901055,0.12901055,0.14576263,0.27538548
80.000000,0.12322404,0.12322404,0.14575137,0.27530944
80.040000,0.09344313,0.09344313,0.14572524,0.27521860
80.080000,0.08082087,0.08082087,0.14569284,0.27512154
80.120000,0.09026885,0.09026885,0.14566518,0.27502930
80.160000,0.09223898,0.09223898,0.14563854,0.27493813
80.200000,0.07837950,0.07837950,0.14560501,0.27484015
80.240000,0.08583551,0.08583551,0.14557523,0.27474597
80.280000,0.07949170,0.07949170,0.14554232,0.27464874
80.320000,0.07057019,0.07057019,0.14550500,0.27454715
80.360000,0.05661853,0.05661853,0.14546078,0.27443873
80.400000,0.04339106,0.04339106,0.14541002,0.27432384
80.440000,0.05632848,0.05632848,0.14536575,0.27421549
80.480000,0.07953087,0.07953087,0.14533304,0.27411878
80.520000,0.09813873,0.09813873,0.14530961,0.27403140
80.560000,0.09917219,0.09917219,0.14528671,0.27394462
80.600000,0.09713255,0.09713255,0.14526282,0.27385692
80.640000,0.09608138,0.09608138,0.14523844,0.27376878
80.680000,0.10619353,0.10619353,0.14521909,0.27368574
80.720000,0.13634440,0.13634440,0.14521470,0.27361771
80.760000,0.15835434,0.15835434,0.14522120,0.27356065
80.800000,0.17373632,0.17373632,0.14523531,0.27351126
80.840000,0.18121470,0.18121470,0.14525311,0.27346561
80.880000,0.18718380,0.18718380,0.14527383,0.27342296
80.920000,0.19884453,0.19884453,0.14530030,0.27338612
80.960000,0.20125896,0.20125896,0.14532793,0.27335050
81.000000,0.19968698,0.19968698,0.14535476,0.27331414
81.040000,0.19920191,0.19920191,0.14538133,0.27327758
81.080000,0.20783747,0.20783747,0.14541213,0.27324531
81.120000,0.19904211,0.19904211,0.14543856,0.27320874
81.160000,0.20074710,0.20074710,0.14546580,0.27317304
81.200000,0.19182774,0.19182774,0.14548863,0.27313299
81.240000,0.20282512,0.20282512,0.14551685,0.27309839
81.280000,0.21300380,0.21300380,0.14555004,0.27306883
81.320000,0.20510618,0.20510618,0.14557932,0.27303542
81.360000,0.18674802,0.18674802,0.14559955,0.27299301
81.400000,0.18300003,0.18300003,0.14561792,0.27294881
81.440000,0.16511987,0.16511987,0.14562750,0.27289588
81.480000,0.16169140,0.16169140,0.14563538,0.27284131
81.520000,0.15251110,0.15251110,0.14563875,0.27278230
81.560000,0.14546147,0.14546147,0.14563867,0.27271989
81.600000,0.14816625,0.14816625,0.14563990,0.27265886
81.640000,0.12759405,0.12759405,0.14563107,0.27258782
81.680000,0.13662501,0.13662501,0.14562666,0.27252127
81.720000,0.11752733,0.11752733,0.14561291,0.27244544
81.760000,0.09739667,0.09739667,0.14558933,0.27235984
81.800000,0.08818692,0.08818692,0.14556128,0.27226983
81.840000,0.07504974,0.07504974,0.14552683,0.27217348
81.880000,0.07253484,0.07253484,0.14549119,0.27207600
81.920000,0.09321112,0.09321112,0.14546568,0.27198871
81.960000,0.09431374,0.09431374,0.14544072,0.27190204
82.000000,0.10481031,0.10481031,0.14542091,0.27182057
82.040000,0.09090005,0.09090005,0.14539434,0.27173240
82.080000,0.08979955,0.08979955,0.14536726,0.27164378
82.120000,0.10523012,0.10523012,0.14534772,0.27156276
82.160000,0.09657848,0.09657848,0.14532399,0.27147761
82.200000,0.09199087,0.09199087,0.14529805,0.27139031
82.240000,0.09704580,0.09704580,0.14527459,0.27130556
82.280000,0.09894314,0.09894314,0.14525208,0.27122180
82.320000,0.10728754,0.10728754,0.14523364,0.27114219
82.360000,0.12674007,0.12674007,0.14522466,0.27107209
82.400000,0.12503589,0.12503589,0.14521487,0.27100123
82.440000,0.12014862,0.12014862,0.14520271,0.27092807
82.480000,0.10148653,0.10148653,0.14518152,0.27084594
82.520000,0.07481379,0.07481379,0.14514743,0.27075096
82.560000,0.07946775,0.07946775,0.14511562,0.27065833
82.600000,0.08373542,0.08373542,0.14508591,0.27056785
82.640000,0.08981653,0.08981653,0.14505917,0.27048041
82.680000,0.10586136,0.10586136,0.14504022,0.27040081
82.720000,0.12505948,0.12505948,0.14503056,0.27033056
82.760000,0.13005415,0.13005415,0.14502333,0.27026279
82.800000,0.12170914,0.12170914,0.14501207,0.27019106
82.840000,0.10409938,0.10409938,0.14499232,0.27011090
82.880000,0.10368113,0.10368113,0.14497240,0.27003062
82.920000,0.09514110,0.09514110,0.14494837,0.26994629
82.960000,0.07824693,0.07824693,0.14491622,0.26985391
83.000000,0.06449008,0.06449008,0.14487748,0.26975498
83.040000,0.06654347,0.06654347,0.14483977,0.26965715
83.080000,0.06477391,0.06477391,0.14480124,0.26955855
83.120000,0.06128436,0.06128436,0.14476107,0.26945837
83.160000,0.03712575,0.03712575,0.14470932,0.26934667
83.200000,0.00779232,0.00779232,0.14464352,0.26922098
83.240000,-0.00844039,0.00844039,0.14457000,0.26909573
83.280000,-0.00464109,0.00464109,0.14449836,0.26896877
83.320000,0.00815536,0.00815536,0.14443294,0.26884362
83.360000,0.01876871,0.01876871,0.14437267,0.26872368
83.400000,0.03854788,0.03854788,0.14432194,0.26861334
83.440000,0.07691553,0.07691553,0.14428964,0.26852148
83.480000,0.11055781,0.11055781,0.14427349,0.26844583
83.520000,0.12938613,0.12938613,0.14426636,0.26837926
83.560000,0.13375386,0.13375386,0.14426133,0.26831485
83.600000,0.12141495,0.12141495,0.14425040,0.26824460
83.640000,0.08953183,0.08953183,0.14422425,0.26815917
83.680000,0.08454628,0.08454628,0.14419573,0.26807144
83.720000,0.08360435,0.08360435,0.14416680,0.26798335
83.760000,0.07592249,0.07592249,0.14413422,0.26789167
83.800000,0.05867671,0.05867671,0.14409345,0.26779186
83.840000,0.03534238,0.03534238,0.14404159,0.26768101
83.880000,0.02189091,0.02189091,0.14398337,0.26756385
83.920000,0.01299799,0.01299799,0.14392097,0.26744257
83.960000,-0.01457034,0.01457034,0.14384549,0.26732216
84.000000,-0.02134699,0.02134699,0.14376687,0.26720508
84.040000,0.00268791,0.00268791,0.14369975,0.26707924
84.080000,0.04341252,0.04341252,0.14365206,0.26697289
84.120000,0.05691436,0.05691436,0.14361084,0.26687305
84.160000,0.08663450,0.08663450,0.14358377,0.26678742
84.200000,0.11044339,0.11044339,0.14356804,0.26671319
84.240000,0.11545567,0.11545567,0.14355469,0.26664140
84.280000,0.11906761,0.11906761,0.14354308,0.26657139
84.320000,0.12876430,0.12876430,0.14353607,0.26650605
84.360000,0.11713805,0.11713805,0.14352356,0.26643526
84.400000,0.09985141,0.09985141,0.14350287,0.26635635
84.440000,0.10190466,0.10190466,0.14348317,0.26627848
84.480000,0.10257049,0.10257049,0.14346381,0.26620101
84.520000,0.10647044,0.10647044,0.14344631,0.26612545
84.560000,0.10122320,0.10122320,0.14342635,0.26604748
84.600000,0.10704545,0.10704545,0.14340916,0.26597234
84.640000,0.12972842,0.12972842,0.14340269,0.26590798
84.680000,0.13963244,0.13963244,0.14340091,0.26584836
84.720000,0.13468447,0.13468447,0.14339680,0.26578646
84.760000,0.11948599,0.11948599,0.14338552,0.26571745
84.800000,0.11636601,0.11636601,0.14337278,0.26564703
84.840000,0.11920269,0.11920269,0.14336139,0.26557802
84.880000,0.10579249,0.10579249,0.14334370,0.26550276
84.920000,0.10382035,0.10382035,0.14332509,0.26542664
84.960000,0.12148559,0.12148559,0.14331481,0.26535890
85.000000,0.11344888,0.11344888,0.14330076,0.26528745
85.040000,0.11915306,0.11915306,0.14328941,0.26521874
85.080000,0.12660297,0.12660297,0.14328157,0.26515360
85.120000,0.12833409,0.12833409,0.14327455,0.26508934
85.160000,0.14268228,0.14268228,0.14327427,0.26503187
85.200000,0.16912489,0.16912489,0.14328640,0.26498686
85.240000,0.17917708,0.17917708,0.14330323,0.26494662
85.280000,0.17933664,0.17933664,0.14332013,0.26490648
85.320000,0.19154489,0.19154489,0.14334273,0.26487210
85.360000,0.20146927,0.20146927,0.14336995,0.26484241
85.400000,0.20522345,0.20522345,0.14339891,0.26481449
85.440000,0.20547657,0.20547657,0.14342796,0.26478673
85.480000,0.20375907,0.20375907,0.14345618,0.26475818
85.520000,0.21177442,0.21177442,0.14348812,0.26473341
85.560000,0.22088791,0.22088791,0.14352428,0.26471292
85.600000,0.22756282,0.22756282,0.14356354,0.26469557
85.640000,0.23184140,0.23184140,0.14360475,0.26468023
85.680000,0.23670555,0.23670555,0.14364819,0.26466718
85.720000,0.23793051,0.23793051,0.14369217,0.26465471
85.760000,0.23784287,0.23784287,0.14373606,0.26464221
85.800000,0.23837940,0.23837940,0.14378016,0.26462997
85.840000,0.24817550,0.24817550,0.14382879,0.26462231
85.880000,0.23500168,0.23500168,0.14387123,0.26460852
85.920000,0.21938709,0.21938709,0.14390637,0.26458747
85.960000,0.20996802,0.20996802,0.14393710,0.26456207
86.000000,0.20116133,0.20116133,0.14396370,0.26453260
86.040000,0.19760824,0.19760824,0.14398863,0.26450150
86.080000,0.20651537,0.20651537,0.14401767,0.26447456
86.120000,0.21498796,0.21498796,0.14405062,0.26445159
86.160000,0.23244893,0.23244893,0.14409164,0.26443674
86.200000,0.25612819,0.25612819,0.14414361,0.26443289
86.240000,0.26914875,0.26914875,0.14420156,0.26443507
86.280000,0.27212957,0.27212957,0.14426084,0.26443864
86.320000,0.29631959,0.29631959,0.14433127,0.26445340
86.360000,0.31181488,0.31181488,0.14440881,0.26447533
86.400000,0.33653387,0.33653387,0.14449771,0.26450868
86.440000,0.37390980,0.37390980,0.14460382,0.26455928
86.480000,0.38807783,0.38807783,0.14471639,0.26461638
86.520000,0.38786348,0.38786348,0.14482875,0.26467334
86.560000,0.36658316,0.36658316,0.14493117,0.26472041
86.600000,0.35349006,0.35349006,0.14502746,0.26476139
86.640000,0.34779912,0.34779912,0.14512103,0.26479971
86.680000,0.33873303,0.33873303,0.14521034,0.26483381
86.720000,0.33710522,0.33710522,0.14529881,0.26486713
86.760000,0.34860393,0.34860393,0.14539250,0.26490572
86.800000,0.36997366,0.36997366,0.14549595,0.26495412
86.840000,0.36372487,0.36372487,0.14559642,0.26499959
86.880000,0.36221119,0.36221119,0.14569610,0.26504433
86.920000,0.35223862,0.35223862,0.14579111,0.26508444
86.960000,0.34234302,0.34234302,0.14588148,0.26511996
87.000000,0.35017217,0.35017217,0.14597536,0.26515904
87.040000,0.34763222,0.34763222,0.14606799,0.26519693
87.080000,0.34683947,0.34683947,0.14616017,0.26523441
87.120000,0.33765614,0.33765614,0.14624806,0.26526765
87.160000,0.33351419,0.33351419,0.14633396,0.26529895
87.200000,0.34354337,0.34354337,0.14642438,0.26533483
87.240000,0.34476603,0.34476603,0.14651528,0.26537123
87.280000,0.34910658,0.34910658,0.14660808,0.26540959
87.320000,0.35007981,0.35007981,0.14670125,0.26544836
87.360000,0.34207258,0.34207258,0.14679066,0.26548343
87.400000,0.33741804,0.33741804,0.14687787,0.26551633
87.440000,0.33538476,0.33538476,0.14696406,0.26554828
87.480000,0.32958942,0.32958942,0.14704753,0.26557755
87.520000,0.34256288,0.34256288,0.14713685,0.26561272
87.560000,0.32234760,0.32234760,0.14721685,0.26563863
87.600000,0.28159651,0.28159651,0.14727818,0.26564591
87.640000,0.27824408,0.27824408,0.14733793,0.26565166
87.680000,0.26113990,0.26113990,0.14738982,0.26564960
87.720000,0.25425793,0.25425793,0.14743853,0.26564441
87.760000,0.26681044,0.26681044,0.14749292,0.26564494
87.800000,0.25829469,0.25829469,0.14754337,0.26564159
87.840000,0.24985630,0.24985630,0.14758994,0.26563441
87.880000,0.27616539,0.27616539,0.14764844,0.26563920
87.920000,0.27421433,0.27421433,0.14770599,0.26564310
87.960000,0.28192342,0.28192342,0.14776700,0.26565050
88.000000,0.29218998,0.29218998,0.14783262,0.26566255
88.040000,0.29508070,0.29508070,0.14789949,0.26567591
88.080000,0.32672718,0.32672718,0.14798066,0.26570363
88.120000,0.31272802,0.31272802,0.14805541,0.26572496
88.160000,0.29570818,0.29570818,0.14812238,0.26573856
88.200000,0.27358304,0.27358304,0.14817925,0.26574212
88.240000,0.23808723,0.23808723,0.14821999,0.26572959
88.280000,0.22673308,0.22673308,0.14825554,0.26571193
88.320000,0.22927399,0.22927399,0.14829222,0.26569543
88.360000,0.22939000,0.22939000,0.14832892,0.26567900
88.400000,0.22074440,0.22074440,0.14836167,0.26565868
88.440000,0.20562243,0.20562243,0.14838756,0.26563154
88.480000,0.19371069,0.19371069,0.14840804,0.26559904
88.520000,0.19871236,0.19871236,0.14843076,0.26556883
88.560000,0.19356934,0.19356934,0.14845114,0.26553632
88.600000,0.19305375,0.19305375,0.14847126,0.26550361
88.640000,0.20613199,0.20613199,0.14849727,0.26547683
88.680000,0.20389236,0.20389236,0.14852225,0.26544907
88.720000,0.18237467,0.18237467,0.14853750,0.26541163
88.760000,0.16598860,0.16598860,0.14854536,0.26536684
88.800000,0.16450199,0.16450199,0.14855255,0.26532143
88.840000,0.18518060,0.18518060,0.14856903,0.26528536
88.880000,0.22088144,0.22088144,0.14860156,0.26526539
88.920000,0.23376046,0.23376046,0.14863985,0.26525122
88.960000,0.25134066,0.25134066,0.14868601,0.26524497
89.000000,0.24345909,0.24345909,0.14872859,0.26523518
89.040000,0.25707912,0.25707912,0.14877724,0.26523152
89.080000,0.26115164,0.26115164,0.14882768,0.26522969
89.120000,0.26980802,0.26980802,0.14888195,0.26523174
89.160000,0.27210292,0.27210292,0.14893721,0.26523483
89.200000,0.26146924,0.26146924,0.14898765,0.26523314
89.240000,0.25174186,0.25174186,0.14903368,0.26522709
89.280000,0.23326450,0.23326450,0.14907141,0.26521278
89.320000,0.22593783,0.22593783,0.14910581,0.26519520
89.360000,0.22504988,0.22504988,0.14913979,0.26517724
89.400000,0.23026158,0.23026158,0.14917607,0.26516162
89.440000,0.23196666,0.23196666,0.14921308,0.26514678
89.480000,0.23442568,0.23442568,0.14925116,0.26513306
89.520000,0.23349233,0.23349233,0.14928878,0.26511892
89.560000,0.22722218,0.22722218,0.14932357,0.26510201
89.600000,0.23082620,0.23082620,0.14935994,0.26508671
89.640000,0.21509640,0.21509640,0.14938926,0.26506441
89.680000,0.22084665,0.22084665,0.14942112,0.26504470
89.720000,0.21447110,0.21447110,0.14945011,0.26502216
89.760000,0.19395121,0.19395121,0.14946993,0.26499051
89.800000,0.20615195,0.20615195,0.14949517,0.26496431
89.840000,0.20537779,0.20537779,0.14952004,0.26493779
89.880000,0.20876062,0.20876062,0.14954639,0.26491280
89.920000,0.19030811,0.19030811,0.14956451,0.26487963
89.960000,0.15508758,0.15508758,0.14956697,0.26483083
90.000000,0.13665164,0.13665164,0.14956123,0.26477389
90.040000,0.13251425,0.13251425,0.14955366,0.26471516
90.080000,0.12301727,0.12301727,0.14954188,0.26465227
90.120000,0.11888000,0.11888000,0.14952828,0.26458759
90.160000,0.13056343,0.13056343,0.14951987,0.26452816
90.200000,0.15898532,0.15898532,0.14952407,0.26448138
90.240000,0.16574002,0.16574002,0.14953125,0.26443763
90.280000,0.16103294,0.16103294,0.14953634,0.26439183
90.320000,0.17228737,0.17228737,0.14954642,0.26435106
90.360000,0.18454017,0.18454017,0.14956190,0.26431574
90.400000,0.19781030,0.19781030,0.14958324,0.26428633
90.440000,0.19614065,0.19614065,0.14960382,0.26425620
90.480000,0.18465227,0.18465227,0.14961931,0.26422103
90.520000,0.18122093,0.18122093,0.14963327,0.26418437
90.560000,0.17887577,0.17887577,0.14964618,0.26414670
90.600000,0.18474849,0.18474849,0.14966167,0.26411166
90.640000,0.17656116,0.17656116,0.14967353,0.26407304
90.680000,0.15786922,0.15786922,0.14967715,0.26402622
90.720000,0.15327901,0.15327901,0.14967874,0.26397741
90.760000,0.17223602,0.17223602,0.14968867,0.26393699
90.800000,0.18156506,0.18156506,0.14970271,0.26390072
90.840000,0.19417891,0.19417891,0.14972229,0.26387004
90.880000,0.19299042,0.19299042,0.14974132,0.26383885
90.920000,0.18948109,0.18948109,0.14975880,0.26380615
90.960000,0.19952015,0.19952015,0.14978067,0.26377790
91.000000,0.19075261,0.19075261,0.14979867,0.26374581
91.040000,0.16613770,0.16613770,0.14980585,0.26370294
91.080000,0.15619995,0.15619995,0.14980865,0.26365575
91.120000,0.13311034,0.13311034,0.14980133,0.26359847
91.160000,0.11764758,0.11764758,0.14978722,0.26353446
91.200000,0.08610581,0.08610581,0.14975931,0.26345667
91.240000,0.07539820,0.07539820,0.14972672,0.26337426
91.280000,0.07106930,0.07106930,0.14969227,0.26329003
91.320000,0.05234295,0.05234295,0.14964964,0.26319767
91.360000,0.04983067,0.04983067,0.14960596,0.26310429
91.400000,0.03243108,0.03243108,0.14955470,0.26300339
91.440000,0.03910974,0.03910974,0.14950641,0.26290549
91.480000,0.04880087,0.04880087,0.14946240,0.26281191
91.520000,0.05892195,0.05892195,0.14942284,0.26272284
91.560000,0.05503734,0.05503734,0.14938162,0.26263214
91.600000,0.04413708,0.04413708,0.14933569,0.26253677
91.640000,0.03754127,0.03754127,0.14928691,0.26243861
91.680000,0.05752789,0.05752789,0.14924689,0.26234924
91.720000,0.06832028,0.06832028,0.14921162,0.26226466
91.760000,0.08054233,0.08054233,0.14918169,0.26218548
91.800000,0.09252216,0.09252216,0.14915702,0.26211159
91.840000,0.08364820,0.08364820,0.14912850,0.26203389
91.880000,0.08376437,0.08376437,0.14910005,0.26195632
91.920000,0.08047329,0.08047329,0.14907020,0.26187738
91.960000,0.07607147,0.07607147,0.14903846,0.26179659
92.000000,0.06427473,0.06427473,0.14900163,0.26171075
92.040000,0.03788569,0.03788569,0.14895336,0.26161352
92.080000,0.02855575,0.02855575,0.14890108,0.26151232
92.120000,0.02932883,0.02932883,0.14884918,0.26141155
92.160000,0.02235131,0.02235131,0.14879430,0.26130783
92.200000,0.01214618,0.01214618,0.14873504,0.26119978
92.240000,-0.00213450,0.00213450,0.14866965,0.26108749
92.280000,0.00918984,0.00918984,0.14860921,0.26097835
92.320000,0.00426890,0.00426890,0.14854670,0.26086717
92.360000,0.00570017,0.00570017,0.14848486,0.26075671
92.400000,-0.00472567,0.00472567,0.14841857,0.26064592
92.440000,-0.00676736,0.00676736,0.14835145,0.26053611
92.480000,-0.01567981,0.01567981,0.14828053,0.26043025
92.520000,-0.02340542,0.02340542,0.14820633,0.26032782
92.560000,-0.03729459,0.03729459,0.14812620,0.26023148
92.600000,-0.04909394,0.04909394,0.14804105,0.26014031
92.640000,-0.06118805,0.06118805,0.14795075,0.26005444
92.680000,-0.10238892,0.10238892,0.14784275,0.25998643
92.720000,-0.12572576,0.12572576,0.14772478,0.25992853
92.760000,-0.13143650,0.13143650,0.14760445,0.25987315
92.800000,-0.11631446,0.11631446,0.14749074,0.25981129
92.840000,-0.09196377,0.09196377,0.14738762,0.25973901
92.880000,-0.08530614,0.08530614,0.14728745,0.25966392
92.920000,-0.09917842,0.09917842,0.14718140,0.25959486
92.960000,-0.08743446,0.08743446,0.14708049,0.25952082
93.000000,-0.08440182,0.08440182,0.14698097,0.25944553
93.040000,-0.10003909,0.10003909,0.14687481,0.25937702
93.080000,-0.11687146,0.11687146,0.14676152,0.25931581
93.120000,-0.14757332,0.14757332,0.14663514,0.25926783
93.160000,-0.15708635,0.15708635,0.14650479,0.25922398
93.200000,-0.14600224,0.14600224,0.14637930,0.25917541
93.240000,-0.14232418,0.14232418,0.14625550,0.25912530
93.280000,-0.16034830,0.16034830,0.14612408,0.25908296
93.320000,-0.15635802,0.15635802,0.14599448,0.25903895
93.360000,-0.16471071,0.16471071,0.14586142,0.25899855
93.400000,-0.14250797,0.14250797,0.14573797,0.25894868
93.440000,-0.13207026,0.13207026,0.14561910,0.25889439
93.480000,-0.12550989,0.12550989,0.14550313,0.25883734
93.520000,-0.12916036,0.12916036,0.14538571,0.25878190
93.560000,-0.14838244,0.14838244,0.14526016,0.25873472
93.600000,-0.15422952,0.15422952,0.14513223,0.25869008
93.640000,-0.17268062,0.17268062,0.14499653,0.25865335
93.680000,-0.19209765,0.19209765,0.14485266,0.25862495
93.720000,-0.21193076,0.21193076,0.14470045,0.25860503
93.760000,-0.21376323,0.21376323,0.14454758,0.25858590
93.800000,-0.19522079,0.19522079,0.14440275,0.25855889
93.840000,-0.16793711,0.16793711,0.14426967,0.25852028
93.880000,-0.16227758,0.16227758,0.14413912,0.25847929
93.920000,-0.16649409,0.16649409,0.14400688,0.25844013
93.960000,-0.15945521,0.15945521,0.14387774,0.25839801
94.000000,-0.17187354,0.17187354,0.14374344,0.25836121
94.040000,-0.19319738,0.19319738,0.14360018,0.25833350
94.080000,-0.20156650,0.20156650,0.14345349,0.25830938
94.120000,-0.20888915,0.20888915,0.14330381,0.25828838
94.160000,-0.20950196,0.20950196,0.14315400,0.25826767
94.200000,-0.20606254,0.20606254,0.14300578,0.25824551
94.240000,-0.20866432,0.20866432,0.14285657,0.25822447
94.280000,-0.21829404,0.21829404,0.14270341,0.25820754
94.320000,-0.19388799,0.19388799,0.14256073,0.25818027
94.360000,-0.16452330,0.16452330,0.14243061,0.25814059
94.400000,-0.13388485,0.13388485,0.14231358,0.25808796
94.440000,-0.11852774,0.11852774,0.14220314,0.25802887
94.480000,-0.13256087,0.13256087,0.14208687,0.25797578
94.520000,-0.13875615,0.13875615,0.14196807,0.25792535
94.560000,-0.13077047,0.13077047,0.14185274,0.25787158
94.600000,-0.12310847,0.12310847,0.14174076,0.25781462
94.640000,-0.12259426,0.12259426,0.14162908,0.25775750
94.680000,-0.12774944,0.12774944,0.14151532,0.25770259
94.720000,-0.13699649,0.13699649,0.14139776,0.25765164
94.760000,-0.14193625,0.14193625,0.14127821,0.25760282
94.800000,-0.15954380,0.15954380,0.14115133,0.25756146
94.840000,-0.17341970,0.17341970,0.14101871,0.25752599
94.880000,-0.16098748,0.16098748,0.14089145,0.25748530
94.920000,-0.15036594,0.15036594,0.14076876,0.25744018
94.960000,-0.14837699,0.14837699,0.14064701,0.25739426
95.000000,-0.16363061,0.16363061,0.14051895,0.25735480
95.040000,-0.20103558,0.20103558,0.14037526,0.25733110
95.080000,-0.20526410,0.20526410,0.14022991,0.25730921
95.120000,-0.19954257,0.19954257,0.14008709,0.25728493
95.160000,-0.17820200,0.17820200,0.13995335,0.25725170
95.200000,-0.13194548,0.13194548,0.13983916,0.25719907
95.240000,-0.11603359,0.11603359,0.13973174,0.25713981
95.280000,-0.11496324,0.11496324,0.13962486,0.25708015
95.320000,-0.12468253,0.12468253,0.13951399,0.25702461
95.360000,-0.13013318,0.13013318,0.13940093,0.25697141
95.400000,-0.14494551,0.14494551,0.13928176,0.25692445
95.440000,-0.15767521,0.15767521,0.13915735,0.25688287
95.480000,-0.16202476,0.16202476,0.13903123,0.25684315
95.520000,-0.14093429,0.14093429,0.13891404,0.25679463
95.560000,-0.13091264,0.13091264,0.13880114,0.25674196
95.600000,-0.09602561,0.09602561,0.13870293,0.25667475
95.640000,-0.05631273,0.05631273,0.13862140,0.25659098
95.680000,-0.02524568,0.02524568,0.13855293,0.25649431
95.720000,0.00398027,0.00398027,0.13849671,0.25638883
95.760000,0.02382710,0.02382710,0.13844883,0.25629173
95.800000,0.01654350,0.01654350,0.13839796,0.25619166
95.840000,0.00108055,0.00108055,0.13834067,0.25608524
95.880000,0.00578182,0.00578182,0.13828539,0.25598086
95.920000,0.01993891,0.01993891,0.13823606,0.25588246
95.960000,0.02431515,0.02431515,0.13818859,0.25578598
96.000000,0.00942745,0.00942745,0.13813496,0.25568337
96.040000,0.01581131,0.01581131,0.13808404,0.25558351
96.080000,0.01479476,0.01479476,0.13803273,0.25548330
96.120000,0.00876369,0.00876369,0.13797896,0.25538067
96.160000,-0.00662413,0.00662413,0.13791883,0.25527724
96.200000,-0.00377973,0.00377973,0.13785994,0.25517271
96.240000,0.00634477,0.00634477,0.13780530,0.25506934
96.280000,0.04048612,0.04048612,0.13776488,0.25498022
96.320000,0.06645906,0.06645906,0.13773528,0.25490197
96.360000,0.07539390,0.07539390,0.13770942,0.25482748
96.400000,0.09351875,0.09351875,0.13769109,0.25476058
96.440000,0.09515133,0.09515133,0.13767345,0.25469440
96.480000,0.07362605,0.07362605,0.13764691,0.25461936
96.520000,0.05389931,0.05389931,0.13761222,0.25453622
96.560000,0.03751610,0.03751610,0.13757077,0.25444635
96.600000,0.02393324,0.02393324,0.13752373,0.25435094
96.640000,0.03476997,0.03476997,0.13748122,0.25426009
96.680000,0.03394152,0.03394152,0.13743840,0.25416898
96.720000,0.00361663,0.00361663,0.13738308,0.25406540
96.760000,-0.00917714,0.00917714,0.13732252,0.25396421
96.800000,-0.02267628,0.02267628,0.13725643,0.25386867
96.840000,-0.02967903,0.02967903,0.13718750,0.25377611
96.880000,-0.04456340,0.04456340,0.13711249,0.25368976
96.920000,-0.05937621,0.05937621,0.13703143,0.25360960
96.960000,-0.06372208,0.06372208,0.13694865,0.25353130
97.000000,-0.03220258,0.03220258,0.13687892,0.25344007
97.040000,-0.01769336,0.01769336,0.13681524,0.25334293
97.080000,-0.02442978,0.02442978,0.13674883,0.25324865
97.120000,-0.02408406,0.02408406,0.13668261,0.25315431
97.160000,-0.02009772,0.02009772,0.13661809,0.25305840
97.200000,-0.00984476,0.00984476,0.13655784,0.25295835
97.240000,0.00761911,0.00761911,0.13650483,0.25285747
97.280000,-0.00032482,0.00032482,0.13644859,0.25275368
97.320000,-0.01664303,0.01664303,0.13638569,0.25265667
97.360000,-0.01824024,0.01824024,0.13632219,0.25256040
97.400000,-0.06772958,0.06772958,0.13623842,0.25248453
97.440000,-0.08745989,0.08745989,0.13614663,0.25241681
97.480000,-0.09892978,0.09892978,0.13605021,0.25235385
97.520000,-0.09432397,0.09432397,0.13595576,0.25228906
97.560000,-0.08635592,0.08635592,0.13586464,0.25222106
97.600000,-0.07489866,0.07489866,0.13577830,0.25214841
97.640000,-0.04398553,0.04398553,0.13570469,0.25206317
97.680000,-0.02201009,0.02201009,0.13564013,0.25196900
97.720000,-0.01182547,0.01182547,0.13557979,0.25187074
97.760000,-0.00765376,0.00765376,0.13552121,0.25177086
97.800000,-0.00221234,0.00221234,0.13546490,0.25166883
97.840000,0.01258796,0.01258796,0.13541469,0.25157113
97.880000,0.03189464,0.03189464,0.13537240,0.25148139
97.920000,0.04610526,0.04610526,0.13533595,0.25139753
97.960000,0.04686520,0.04686520,0.13529984,0.25131405
98.000000,0.02622707,0.02622707,0.13525534,0.25122221
98.040000,0.01732831,0.01732831,0.13520724,0.25112682
98.080000,0.01351244,0.01351244,0.13515763,0.25102996
98.120000,0.01830422,0.01830422,0.13511001,0.25093512
98.160000,0.02533376,0.02533376,0.13506530,0.25084323
98.200000,0.02035706,0.02035706,0.13501859,0.25074938
98.240000,0.01078593,0.01078593,0.13496803,0.25065171
98.280000,0.01307438,0.01307438,0.13491844,0.25055506
98.320000,0.01723134,0.01723134,0.13487058,0.25046017
98.360000,0.01204528,0.01204528,0.13482065,0.25036326
98.400000,0.00070585,0.00070585,0.13476615,0.25026181
98.440000,-0.00740886,0.00740886,0.13470841,0.25016317
98.480000,-0.02563046,0.02563046,0.13464331,0.25007201
98.520000,-0.03738431,0.03738431,0.13457349,0.24998569
98.560000,-0.02757638,0.02757638,0.13450771,0.24989546
98.600000,0.00482258,0.00482258,0.13445512,0.24979608
98.640000,0.03189240,0.03189240,0.13441355,0.24970776
98.680000,0.03858933,0.03858933,0.13437472,0.24962221
98.720000,0.04780086,0.04780086,0.13433966,0.24954047
98.760000,0.05958157,0.05958157,0.13430939,0.24946357
98.800000,0.06684119,0.06684119,0.13428209,0.24938966
98.840000,0.06814352,0.06814352,0.13425533,0.24931634
98.880000,0.08208976,0.08208976,0.13423424,0.24924872
98.920000,0.09369644,0.09369644,0.13421785,0.24918584
98.960000,0.11631670,0.11631670,0.13421062,0.24913216
99.000000,0.12743674,0.12743674,0.13420788,0.24908301
99.040000,0.12709624,0.12709624,0.13420501,0.24903376
99.080000,0.12975125,0.12975125,0.13420321,0.24898563
99.120000,0.11799892,0.11799892,0.13419668,0.24893279
99.160000,0.09676865,0.09676865,0.13418159,0.24887143
99.200000,0.10186541,0.10186541,0.13416856,0.24881218
99.240000,0.11451784,0.11451784,0.13416064,0.24875807
99.280000,0.11292541,0.11292541,0.13415209,0.24870337
99.320000,0.10801919,0.10801919,0.13414157,0.24864673
99.360000,0.11554097,0.11554097,0.13413408,0.24859317
99.400000,0.11540737,0.11540737,0.13412655,0.24853959
99.440000,0.12428303,0.12428303,0.13412259,0.24848963
99.480000,0.13693784,0.13693784,0.13412373,0.24844479
99.520000,0.13839513,0.13839513,0.13412544,0.24840058
99.560000,0.13811694,0.13811694,0.13412704,0.24835629
99.600000,0.14666364,0.14666364,0.13413208,0.24831546
99.640000,0.17359607,0.17359607,0.13414791,0.24828548
99.680000,0.19218462,0.19218462,0.13417119,0.24826298
99.720000,0.20272571,0.20272571,0.13419868,0.24824472
99.760000,0.20558215,0.20558215,0.13422729,0.24822762
99.800000,0.20378728,0.20378728,0.13425516,0.24820981
99.840000,0.21930725,0.21930725,0.13428922,0.24819824
99.880000,0.22444675,0.22444675,0.13432531,0.24818873
99.920000,0.23102000,0.23102000,0.13436401,0.24818186
99.960000,0.23321363,0.23321363,0.13440355,0.24817587
100.000000,0.22364555,0.22364555,0.13443923,0.24816606